date,sku_id,demand,warehouse
2025-01-01,SKU-1001,183.18,warehouse-east
2025-01-02,SKU-1001,170.83,warehouse-east
2025-01-03,SKU-1001,169.26,warehouse-east
2025-01-04,SKU-1001,114.15,warehouse-east
2025-01-05,SKU-1001,150.65,warehouse-east
2025-01-06,SKU-1001,190.33,warehouse-east
2025-01-07,SKU-1001,165.94,warehouse-east
2025-01-08,SKU-1001,186.53,warehouse-east
2025-01-09,SKU-1001,180.86,warehouse-east
2025-01-10,SKU-1001,138.1,warehouse-east
2025-01-11,SKU-1001,100.23,warehouse-east
2025-01-12,SKU-1001,127.01,warehouse-east
2025-01-13,SKU-1001,206.72,warehouse-east
2025-01-14,SKU-1001,173.24,warehouse-east
2025-01-15,SKU-1001,167.21,warehouse-east
2025-01-16,SKU-1001,180.67,warehouse-east
2025-01-17,SKU-1001,166.78,warehouse-east
2025-01-18,SKU-1001,116.31,warehouse-east
2025-01-19,SKU-1001,122.11,warehouse-east
2025-01-20,SKU-1001,158.68,warehouse-east
2025-01-21,SKU-1001,196.63,warehouse-east
2025-01-22,SKU-1001,156.11,warehouse-east
2025-01-23,SKU-1001,154.31,warehouse-east
2025-01-24,SKU-1001,185.16,warehouse-east
2025-01-25,SKU-1001,138.56,warehouse-east
2025-01-26,SKU-1001,127.46,warehouse-east
2025-01-27,SKU-1001,179.95,warehouse-east
2025-01-28,SKU-1001,176.58,warehouse-east
2025-01-29,SKU-1001,173.74,warehouse-east
2025-01-30,SKU-1001,204.44,warehouse-east
2025-01-31,SKU-1001,190.13,warehouse-east
2025-02-01,SKU-1001,122.12,warehouse-east
2025-02-02,SKU-1001,28.13,warehouse-east
2025-02-03,SKU-1001,203.36,warehouse-east
2025-02-04,SKU-1001,174.7,warehouse-east
2025-02-05,SKU-1001,185.66,warehouse-east
2025-02-06,SKU-1001,182.61,warehouse-east
2025-02-07,SKU-1001,188.84,warehouse-east
2025-02-08,SKU-1001,147.78,warehouse-east
2025-02-09,SKU-1001,158.9,warehouse-east
2025-02-10,SKU-1001,200.87,warehouse-east
2025-02-11,SKU-1001,181.09,warehouse-east
2025-02-12,SKU-1001,193.63,warehouse-east
2025-02-13,SKU-1001,226.0,warehouse-east
2025-02-14,SKU-1001,196.81,warehouse-east
2025-02-15,SKU-1001,127.26,warehouse-east
2025-02-16,SKU-1001,129.1,warehouse-east
2025-02-17,SKU-1001,203.28,warehouse-east
2025-02-18,SKU-1001,180.33,warehouse-east
2025-02-19,SKU-1001,186.82,warehouse-east
2025-02-20,SKU-1001,215.53,warehouse-east
2025-02-21,SKU-1001,204.15,warehouse-east
2025-02-22,SKU-1001,136.9,warehouse-east
2025-02-23,SKU-1001,154.57,warehouse-east
2025-02-24,SKU-1001,184.61,warehouse-east
2025-02-25,SKU-1001,192.46,warehouse-east
2025-02-26,SKU-1001,37.67,warehouse-east
2025-02-27,SKU-1001,204.95,warehouse-east
2025-02-28,SKU-1001,193.23,warehouse-east
2025-03-01,SKU-1001,122.31,warehouse-east
2025-03-02,SKU-1001,176.32,warehouse-east
2025-03-03,SKU-1001,207.13,warehouse-east
2025-03-04,SKU-1001,165.63,warehouse-east
2025-03-05,SKU-1001,203.84,warehouse-east
2025-03-06,SKU-1001,205.94,warehouse-east
2025-03-07,SKU-1001,254.36,warehouse-east
2025-03-08,SKU-1001,136.24,warehouse-east
2025-03-09,SKU-1001,146.36,warehouse-east
2025-03-10,SKU-1001,229.04,warehouse-east
2025-03-11,SKU-1001,221.59,warehouse-east
2025-03-12,SKU-1001,234.97,warehouse-east
2025-03-13,SKU-1001,179.24,warehouse-east
2025-03-14,SKU-1001,187.83,warehouse-east
2025-03-15,SKU-1001,130.49,warehouse-east
2025-03-16,SKU-1001,111.05,warehouse-east
2025-03-17,SKU-1001,210.1,warehouse-east
2025-03-18,SKU-1001,190.7,warehouse-east
2025-03-19,SKU-1001,240.45,warehouse-east
2025-03-20,SKU-1001,194.15,warehouse-east
2025-03-21,SKU-1001,203.74,warehouse-east
2025-03-22,SKU-1001,159.82,warehouse-east
2025-03-23,SKU-1001,119.18,warehouse-east
2025-03-24,SKU-1001,179.12,warehouse-east
2025-03-25,SKU-1001,215.32,warehouse-east
2025-03-26,SKU-1001,217.19,warehouse-east
2025-03-27,SKU-1001,227.99,warehouse-east
2025-03-28,SKU-1001,223.16,warehouse-east
2025-03-29,SKU-1001,151.22,warehouse-east
2025-03-30,SKU-1001,131.93,warehouse-east
2025-03-31,SKU-1001,218.45,warehouse-east
2025-04-01,SKU-1001,554.15,warehouse-east
2025-04-02,SKU-1001,197.63,warehouse-east
2025-04-03,SKU-1001,188.45,warehouse-east
2025-04-04,SKU-1001,225.77,warehouse-east
2025-04-05,SKU-1001,168.4,warehouse-east
2025-04-06,SKU-1001,129.06,warehouse-east
2025-04-07,SKU-1001,230.15,warehouse-east
2025-04-08,SKU-1001,252.01,warehouse-east
2025-04-09,SKU-1001,196.64,warehouse-east
2025-04-10,SKU-1001,198.47,warehouse-east
2025-04-11,SKU-1001,220.68,warehouse-east
2025-04-12,SKU-1001,163.48,warehouse-east
2025-04-13,SKU-1001,141.89,warehouse-east
2025-04-14,SKU-1001,270.63,warehouse-east
2025-04-15,SKU-1001,195.16,warehouse-east
2025-04-16,SKU-1001,226.59,warehouse-east
2025-04-17,SKU-1001,39.51,warehouse-east
2025-04-18,SKU-1001,231.94,warehouse-east
2025-04-19,SKU-1001,131.71,warehouse-east
2025-04-20,SKU-1001,118.59,warehouse-east
2025-04-21,SKU-1001,223.01,warehouse-east
2025-04-22,SKU-1001,194.18,warehouse-east
2025-04-23,SKU-1001,201.77,warehouse-east
2025-04-24,SKU-1001,222.88,warehouse-east
2025-04-25,SKU-1001,221.33,warehouse-east
2025-04-26,SKU-1001,127.5,warehouse-east
2025-04-27,SKU-1001,172.26,warehouse-east
2025-04-28,SKU-1001,242.32,warehouse-east
2025-04-29,SKU-1001,231.9,warehouse-east
2025-04-30,SKU-1001,232.24,warehouse-east
2025-05-01,SKU-1001,225.13,warehouse-east
2025-05-02,SKU-1001,292.23,warehouse-east
2025-05-03,SKU-1001,166.03,warehouse-east
2025-05-04,SKU-1001,160.21,warehouse-east
2025-05-05,SKU-1001,200.76,warehouse-east
2025-05-06,SKU-1001,211.83,warehouse-east
2025-05-07,SKU-1001,263.2,warehouse-east
2025-05-08,SKU-1001,179.91,warehouse-east
2025-05-09,SKU-1001,208.16,warehouse-east
2025-05-10,SKU-1001,170.38,warehouse-east
2025-05-11,SKU-1001,134.53,warehouse-east
2025-05-12,SKU-1001,232.23,warehouse-east
2025-05-13,SKU-1001,219.9,warehouse-east
2025-05-14,SKU-1001,206.3,warehouse-east
2025-05-15,SKU-1001,179.18,warehouse-east
2025-05-16,SKU-1001,223.76,warehouse-east
2025-05-17,SKU-1001,134.4,warehouse-east
2025-05-18,SKU-1001,148.2,warehouse-east
2025-05-19,SKU-1001,231.17,warehouse-east
2025-05-20,SKU-1001,238.73,warehouse-east
2025-05-21,SKU-1001,212.26,warehouse-east
2025-05-22,SKU-1001,209.04,warehouse-east
2025-05-23,SKU-1001,197.24,warehouse-east
2025-05-24,SKU-1001,170.27,warehouse-east
2025-05-25,SKU-1001,194.59,warehouse-east
2025-05-26,SKU-1001,244.14,warehouse-east
2025-05-27,SKU-1001,509.82,warehouse-east
2025-05-28,SKU-1001,210.03,warehouse-east
2025-05-29,SKU-1001,233.41,warehouse-east
2025-05-30,SKU-1001,240.37,warehouse-east
2025-05-31,SKU-1001,88.74,warehouse-east
2025-06-01,SKU-1001,125.99,warehouse-east
2025-06-02,SKU-1001,247.81,warehouse-east
2025-06-03,SKU-1001,186.89,warehouse-east
2025-06-04,SKU-1001,244.65,warehouse-east
2025-06-05,SKU-1001,187.43,warehouse-east
2025-06-06,SKU-1001,196.85,warehouse-east
2025-06-07,SKU-1001,157.07,warehouse-east
2025-06-08,SKU-1001,149.45,warehouse-east
2025-06-09,SKU-1001,209.76,warehouse-east
2025-06-10,SKU-1001,249.52,warehouse-east
2025-06-11,SKU-1001,193.37,warehouse-east
2025-06-12,SKU-1001,215.42,warehouse-east
2025-06-13,SKU-1001,230.56,warehouse-east
2025-06-14,SKU-1001,155.02,warehouse-east
2025-06-15,SKU-1001,137.17,warehouse-east
2025-06-16,SKU-1001,207.99,warehouse-east
2025-06-17,SKU-1001,237.1,warehouse-east
2025-06-18,SKU-1001,238.43,warehouse-east
2025-06-19,SKU-1001,226.92,warehouse-east
2025-06-20,SKU-1001,204.52,warehouse-east
2025-06-21,SKU-1001,139.77,warehouse-east
2025-06-22,SKU-1001,150.78,warehouse-east
2025-06-23,SKU-1001,224.44,warehouse-east
2025-06-24,SKU-1001,233.36,warehouse-east
2025-06-25,SKU-1001,218.71,warehouse-east
2025-06-26,SKU-1001,239.59,warehouse-east
2025-06-27,SKU-1001,239.68,warehouse-east
2025-06-28,SKU-1001,178.66,warehouse-east
2025-06-29,SKU-1001,153.2,warehouse-east
2025-06-30,SKU-1001,230.88,warehouse-east
2025-07-01,SKU-1001,210.89,warehouse-east
2025-07-02,SKU-1001,197.44,warehouse-east
2025-07-03,SKU-1001,255.97,warehouse-east
2025-07-04,SKU-1001,237.6,warehouse-east
2025-07-05,SKU-1001,162.25,warehouse-east
2025-07-06,SKU-1001,146.39,warehouse-east
2025-07-07,SKU-1001,197.43,warehouse-east
2025-07-08,SKU-1001,235.19,warehouse-east
2025-07-09,SKU-1001,213.06,warehouse-east
2025-07-10,SKU-1001,224.57,warehouse-east
2025-07-11,SKU-1001,205.35,warehouse-east
2025-07-12,SKU-1001,152.81,warehouse-east
2025-07-13,SKU-1001,137.99,warehouse-east
2025-07-14,SKU-1001,208.15,warehouse-east
2025-07-15,SKU-1001,222.52,warehouse-east
2025-07-16,SKU-1001,189.23,warehouse-east
2025-07-17,SKU-1001,190.36,warehouse-east
2025-07-18,SKU-1001,204.45,warehouse-east
2025-07-19,SKU-1001,145.14,warehouse-east
2025-07-20,SKU-1001,166.78,warehouse-east
2025-07-21,SKU-1001,216.56,warehouse-east
2025-07-22,SKU-1001,219.71,warehouse-east
2025-07-23,SKU-1001,214.62,warehouse-east
2025-07-24,SKU-1001,227.16,warehouse-east
2025-07-25,SKU-1001,204.47,warehouse-east
2025-07-26,SKU-1001,148.73,warehouse-east
2025-07-27,SKU-1001,159.16,warehouse-east
2025-07-28,SKU-1001,226.44,warehouse-east
2025-07-29,SKU-1001,222.52,warehouse-east
2025-07-30,SKU-1001,223.08,warehouse-east
2025-07-31,SKU-1001,232.86,warehouse-east
2025-08-01,SKU-1001,257.68,warehouse-east
2025-08-02,SKU-1001,131.18,warehouse-east
2025-08-03,SKU-1001,190.53,warehouse-east
2025-08-04,SKU-1001,199.35,warehouse-east
2025-08-05,SKU-1001,173.34,warehouse-east
2025-08-06,SKU-1001,205.6,warehouse-east
2025-08-07,SKU-1001,223.26,warehouse-east
2025-08-08,SKU-1001,254.25,warehouse-east
2025-08-09,SKU-1001,130.0,warehouse-east
2025-08-10,SKU-1001,158.01,warehouse-east
2025-08-11,SKU-1001,191.22,warehouse-east
2025-08-12,SKU-1001,254.56,warehouse-east
2025-08-13,SKU-1001,241.82,warehouse-east
2025-08-14,SKU-1001,209.15,warehouse-east
2025-08-15,SKU-1001,184.57,warehouse-east
2025-08-16,SKU-1001,176.49,warehouse-east
2025-08-17,SKU-1001,147.32,warehouse-east
2025-08-18,SKU-1001,244.49,warehouse-east
2025-08-19,SKU-1001,220.14,warehouse-east
2025-08-20,SKU-1001,221.28,warehouse-east
2025-08-21,SKU-1001,211.64,warehouse-east
2025-08-22,SKU-1001,233.4,warehouse-east
2025-08-23,SKU-1001,153.25,warehouse-east
2025-08-24,SKU-1001,161.34,warehouse-east
2025-08-25,SKU-1001,191.16,warehouse-east
2025-08-26,SKU-1001,247.7,warehouse-east
2025-08-27,SKU-1001,253.47,warehouse-east
2025-08-28,SKU-1001,225.06,warehouse-east
2025-08-29,SKU-1001,264.27,warehouse-east
2025-08-30,SKU-1001,187.39,warehouse-east
2025-08-31,SKU-1001,165.4,warehouse-east
2025-09-01,SKU-1001,248.04,warehouse-east
2025-09-02,SKU-1001,242.14,warehouse-east
2025-09-03,SKU-1001,186.09,warehouse-east
2025-09-04,SKU-1001,216.17,warehouse-east
2025-09-05,SKU-1001,236.21,warehouse-east
2025-09-06,SKU-1001,184.04,warehouse-east
2025-09-07,SKU-1001,124.07,warehouse-east
2025-09-08,SKU-1001,188.68,warehouse-east
2025-09-09,SKU-1001,221.94,warehouse-east
2025-09-10,SKU-1001,182.0,warehouse-east
2025-09-11,SKU-1001,221.86,warehouse-east
2025-09-12,SKU-1001,231.27,warehouse-east
2025-09-13,SKU-1001,134.09,warehouse-east
2025-09-14,SKU-1001,151.84,warehouse-east
2025-09-15,SKU-1001,243.93,warehouse-east
2025-09-16,SKU-1001,214.52,warehouse-east
2025-09-17,SKU-1001,209.57,warehouse-east
2025-09-18,SKU-1001,223.58,warehouse-east
2025-09-19,SKU-1001,205.31,warehouse-east
2025-09-20,SKU-1001,193.6,warehouse-east
2025-09-21,SKU-1001,155.21,warehouse-east
2025-09-22,SKU-1001,212.91,warehouse-east
2025-09-23,SKU-1001,231.48,warehouse-east
2025-09-24,SKU-1001,225.26,warehouse-east
2025-09-25,SKU-1001,223.38,warehouse-east
2025-09-26,SKU-1001,217.49,warehouse-east
2025-09-27,SKU-1001,144.21,warehouse-east
2025-09-28,SKU-1001,125.62,warehouse-east
2025-09-29,SKU-1001,256.32,warehouse-east
2025-09-30,SKU-1001,240.82,warehouse-east
2025-10-01,SKU-1001,239.22,warehouse-east
2025-10-02,SKU-1001,230.74,warehouse-east
2025-10-03,SKU-1001,214.49,warehouse-east
2025-10-04,SKU-1001,144.35,warehouse-east
2025-10-05,SKU-1001,131.24,warehouse-east
2025-10-06,SKU-1001,221.57,warehouse-east
2025-10-07,SKU-1001,213.18,warehouse-east
2025-10-08,SKU-1001,268.85,warehouse-east
2025-10-09,SKU-1001,253.04,warehouse-east
2025-10-10,SKU-1001,237.26,warehouse-east
2025-10-11,SKU-1001,143.69,warehouse-east
2025-10-12,SKU-1001,140.38,warehouse-east
2025-10-13,SKU-1001,232.81,warehouse-east
2025-10-14,SKU-1001,255.44,warehouse-east
2025-10-15,SKU-1001,275.41,warehouse-east
2025-10-16,SKU-1001,209.55,warehouse-east
2025-10-17,SKU-1001,249.08,warehouse-east
2025-10-18,SKU-1001,149.34,warehouse-east
2025-10-19,SKU-1001,152.82,warehouse-east
2025-10-20,SKU-1001,239.7,warehouse-east
2025-10-21,SKU-1001,222.41,warehouse-east
2025-10-22,SKU-1001,234.55,warehouse-east
2025-10-23,SKU-1001,221.48,warehouse-east
2025-10-24,SKU-1001,228.4,warehouse-east
2025-10-25,SKU-1001,178.9,warehouse-east
2025-10-26,SKU-1001,165.99,warehouse-east
2025-10-27,SKU-1001,255.86,warehouse-east
2025-10-28,SKU-1001,227.88,warehouse-east
2025-10-29,SKU-1001,252.85,warehouse-east
2025-10-30,SKU-1001,209.19,warehouse-east
2025-10-31,SKU-1001,243.0,warehouse-east
2025-11-01,SKU-1001,184.63,warehouse-east
2025-11-02,SKU-1001,138.84,warehouse-east
2025-11-03,SKU-1001,239.64,warehouse-east
2025-11-04,SKU-1001,253.94,warehouse-east
2025-11-05,SKU-1001,273.43,warehouse-east
2025-11-06,SKU-1001,242.08,warehouse-east
2025-11-07,SKU-1001,264.53,warehouse-east
2025-11-08,SKU-1001,202.18,warehouse-east
2025-11-09,SKU-1001,185.11,warehouse-east
2025-11-10,SKU-1001,250.81,warehouse-east
2025-11-11,SKU-1001,262.61,warehouse-east
2025-11-12,SKU-1001,243.42,warehouse-east
2025-11-13,SKU-1001,257.55,warehouse-east
2025-11-14,SKU-1001,253.02,warehouse-east
2025-11-15,SKU-1001,181.6,warehouse-east
2025-11-16,SKU-1001,166.82,warehouse-east
2025-11-17,SKU-1001,264.96,warehouse-east
2025-11-18,SKU-1001,248.96,warehouse-east
2025-11-19,SKU-1001,275.12,warehouse-east
2025-11-20,SKU-1001,251.49,warehouse-east
2025-11-21,SKU-1001,217.56,warehouse-east
2025-11-22,SKU-1001,156.18,warehouse-east
2025-11-23,SKU-1001,176.93,warehouse-east
2025-11-24,SKU-1001,292.79,warehouse-east
2025-11-25,SKU-1001,276.17,warehouse-east
2025-11-26,SKU-1001,215.67,warehouse-east
2025-11-27,SKU-1001,230.63,warehouse-east
2025-11-28,SKU-1001,283.39,warehouse-east
2025-11-29,SKU-1001,190.5,warehouse-east
2025-11-30,SKU-1001,223.47,warehouse-east
2025-12-01,SKU-1001,266.03,warehouse-east
2025-12-02,SKU-1001,258.55,warehouse-east
2025-12-03,SKU-1001,277.31,warehouse-east
2025-12-04,SKU-1001,266.66,warehouse-east
2025-12-05,SKU-1001,297.29,warehouse-east
2025-12-06,SKU-1001,178.57,warehouse-east
2025-12-07,SKU-1001,183.6,warehouse-east
2025-12-08,SKU-1001,257.95,warehouse-east
2025-12-09,SKU-1001,293.0,warehouse-east
2025-12-10,SKU-1001,259.75,warehouse-east
2025-12-11,SKU-1001,286.79,warehouse-east
2025-12-12,SKU-1001,316.39,warehouse-east
2025-12-13,SKU-1001,154.78,warehouse-east
2025-12-14,SKU-1001,220.5,warehouse-east
2025-12-15,SKU-1001,285.44,warehouse-east
2025-12-16,SKU-1001,257.66,warehouse-east
2025-12-17,SKU-1001,282.69,warehouse-east
2025-12-18,SKU-1001,295.35,warehouse-east
2025-12-19,SKU-1001,265.35,warehouse-east
2025-12-20,SKU-1001,201.35,warehouse-east
2025-12-21,SKU-1001,224.01,warehouse-east
2025-12-22,SKU-1001,271.93,warehouse-east
2025-12-23,SKU-1001,262.69,warehouse-east
2025-12-24,SKU-1001,280.29,warehouse-east
2025-12-25,SKU-1001,284.25,warehouse-east
2025-12-26,SKU-1001,305.35,warehouse-east
2025-12-27,SKU-1001,190.34,warehouse-east
2025-12-28,SKU-1001,444.11,warehouse-east
2025-12-29,SKU-1001,300.92,warehouse-east
2025-12-30,SKU-1001,286.26,warehouse-east
2025-12-31,SKU-1001,278.4,warehouse-east
2025-01-01,SKU-1002,117.44,warehouse-east
2025-01-02,SKU-1002,88.6,warehouse-east
2025-01-03,SKU-1002,88.08,warehouse-east
2025-01-04,SKU-1002,59.3,warehouse-east
2025-01-05,SKU-1002,73.13,warehouse-east
2025-01-06,SKU-1002,87.79,warehouse-east
2025-01-07,SKU-1002,75.11,warehouse-east
2025-01-08,SKU-1002,130.19,warehouse-east
2025-01-09,SKU-1002,92.36,warehouse-east
2025-01-10,SKU-1002,94.33,warehouse-east
2025-01-11,SKU-1002,60.05,warehouse-east
2025-01-12,SKU-1002,61.64,warehouse-east
2025-01-13,SKU-1002,82.86,warehouse-east
2025-01-14,SKU-1002,87.07,warehouse-east
2025-01-15,SKU-1002,113.34,warehouse-east
2025-01-16,SKU-1002,109.36,warehouse-east
2025-01-17,SKU-1002,59.45,warehouse-east
2025-01-18,SKU-1002,40.55,warehouse-east
2025-01-19,SKU-1002,49.92,warehouse-east
2025-01-20,SKU-1002,104.24,warehouse-east
2025-01-21,SKU-1002,109.16,warehouse-east
2025-01-22,SKU-1002,282.23,warehouse-east
2025-01-23,SKU-1002,72.92,warehouse-east
2025-01-24,SKU-1002,71.41,warehouse-east
2025-01-25,SKU-1002,71.8,warehouse-east
2025-01-26,SKU-1002,71.7,warehouse-east
2025-01-27,SKU-1002,96.06,warehouse-east
2025-01-28,SKU-1002,73.07,warehouse-east
2025-01-29,SKU-1002,98.41,warehouse-east
2025-01-30,SKU-1002,93.94,warehouse-east
2025-01-31,SKU-1002,70.17,warehouse-east
2025-02-01,SKU-1002,54.83,warehouse-east
2025-02-02,SKU-1002,78.32,warehouse-east
2025-02-03,SKU-1002,68.33,warehouse-east
2025-02-04,SKU-1002,100.65,warehouse-east
2025-02-05,SKU-1002,60.21,warehouse-east
2025-02-06,SKU-1002,116.76,warehouse-east
2025-02-07,SKU-1002,83.02,warehouse-east
2025-02-08,SKU-1002,68.09,warehouse-east
2025-02-09,SKU-1002,63.73,warehouse-east
2025-02-10,SKU-1002,93.09,warehouse-east
2025-02-11,SKU-1002,95.34,warehouse-east
2025-02-12,SKU-1002,64.95,warehouse-east
2025-02-13,SKU-1002,93.04,warehouse-east
2025-02-14,SKU-1002,87.6,warehouse-east
2025-02-15,SKU-1002,6.6,warehouse-east
2025-02-16,SKU-1002,49.77,warehouse-east
2025-02-17,SKU-1002,96.13,warehouse-east
2025-02-18,SKU-1002,64.35,warehouse-east
2025-02-19,SKU-1002,93.6,warehouse-east
2025-02-20,SKU-1002,104.39,warehouse-east
2025-02-21,SKU-1002,61.91,warehouse-east
2025-02-22,SKU-1002,41.76,warehouse-east
2025-02-23,SKU-1002,68.64,warehouse-east
2025-02-24,SKU-1002,78.28,warehouse-east
2025-02-25,SKU-1002,79.87,warehouse-east
2025-02-26,SKU-1002,67.83,warehouse-east
2025-02-27,SKU-1002,74.17,warehouse-east
2025-02-28,SKU-1002,104.49,warehouse-east
2025-03-01,SKU-1002,68.53,warehouse-east
2025-03-02,SKU-1002,63.82,warehouse-east
2025-03-03,SKU-1002,80.78,warehouse-east
2025-03-04,SKU-1002,91.13,warehouse-east
2025-03-05,SKU-1002,106.42,warehouse-east
2025-03-06,SKU-1002,78.51,warehouse-east
2025-03-07,SKU-1002,88.41,warehouse-east
2025-03-08,SKU-1002,87.12,warehouse-east
2025-03-09,SKU-1002,71.09,warehouse-east
2025-03-10,SKU-1002,80.13,warehouse-east
2025-03-11,SKU-1002,97.78,warehouse-east
2025-03-12,SKU-1002,64.78,warehouse-east
2025-03-13,SKU-1002,87.09,warehouse-east
2025-03-14,SKU-1002,97.4,warehouse-east
2025-03-15,SKU-1002,65.68,warehouse-east
2025-03-16,SKU-1002,69.05,warehouse-east
2025-03-17,SKU-1002,100.23,warehouse-east
2025-03-18,SKU-1002,94.49,warehouse-east
2025-03-19,SKU-1002,93.93,warehouse-east
2025-03-20,SKU-1002,90.48,warehouse-east
2025-03-21,SKU-1002,71.03,warehouse-east
2025-03-22,SKU-1002,75.2,warehouse-east
2025-03-23,SKU-1002,58.72,warehouse-east
2025-03-24,SKU-1002,97.1,warehouse-east
2025-03-25,SKU-1002,100.83,warehouse-east
2025-03-26,SKU-1002,78.9,warehouse-east
2025-03-27,SKU-1002,80.0,warehouse-east
2025-03-28,SKU-1002,81.76,warehouse-east
2025-03-29,SKU-1002,77.66,warehouse-east
2025-03-30,SKU-1002,45.32,warehouse-east
2025-03-31,SKU-1002,107.74,warehouse-east
2025-04-01,SKU-1002,87.81,warehouse-east
2025-04-02,SKU-1002,88.75,warehouse-east
2025-04-03,SKU-1002,97.97,warehouse-east
2025-04-04,SKU-1002,85.74,warehouse-east
2025-04-05,SKU-1002,73.52,warehouse-east
2025-04-06,SKU-1002,49.69,warehouse-east
2025-04-07,SKU-1002,105.29,warehouse-east
2025-04-08,SKU-1002,77.34,warehouse-east
2025-04-09,SKU-1002,105.71,warehouse-east
2025-04-10,SKU-1002,77.49,warehouse-east
2025-04-11,SKU-1002,79.44,warehouse-east
2025-04-12,SKU-1002,41.9,warehouse-east
2025-04-13,SKU-1002,8.42,warehouse-east
2025-04-14,SKU-1002,106.57,warehouse-east
2025-04-15,SKU-1002,68.21,warehouse-east
2025-04-16,SKU-1002,97.84,warehouse-east
2025-04-17,SKU-1002,79.74,warehouse-east
2025-04-18,SKU-1002,65.99,warehouse-east
2025-04-19,SKU-1002,62.13,warehouse-east
2025-04-20,SKU-1002,58.81,warehouse-east
2025-04-21,SKU-1002,89.86,warehouse-east
2025-04-22,SKU-1002,72.79,warehouse-east
2025-04-23,SKU-1002,74.27,warehouse-east
2025-04-24,SKU-1002,72.55,warehouse-east
2025-04-25,SKU-1002,99.83,warehouse-east
2025-04-26,SKU-1002,77.13,warehouse-east
2025-04-27,SKU-1002,47.18,warehouse-east
2025-04-28,SKU-1002,73.35,warehouse-east
2025-04-29,SKU-1002,91.01,warehouse-east
2025-04-30,SKU-1002,104.61,warehouse-east
2025-05-01,SKU-1002,105.48,warehouse-east
2025-05-02,SKU-1002,69.23,warehouse-east
2025-05-03,SKU-1002,47.58,warehouse-east
2025-05-04,SKU-1002,57.6,warehouse-east
2025-05-05,SKU-1002,83.09,warehouse-east
2025-05-06,SKU-1002,75.31,warehouse-east
2025-05-07,SKU-1002,65.87,warehouse-east
2025-05-08,SKU-1002,77.23,warehouse-east
2025-05-09,SKU-1002,104.53,warehouse-east
2025-05-10,SKU-1002,45.08,warehouse-east
2025-05-11,SKU-1002,56.12,warehouse-east
2025-05-12,SKU-1002,115.17,warehouse-east
2025-05-13,SKU-1002,69.19,warehouse-east
2025-05-14,SKU-1002,87.27,warehouse-east
2025-05-15,SKU-1002,104.62,warehouse-east
2025-05-16,SKU-1002,85.67,warehouse-east
2025-05-17,SKU-1002,68.92,warehouse-east
2025-05-18,SKU-1002,64.52,warehouse-east
2025-05-19,SKU-1002,84.07,warehouse-east
2025-05-20,SKU-1002,97.08,warehouse-east
2025-05-21,SKU-1002,85.96,warehouse-east
2025-05-22,SKU-1002,73.61,warehouse-east
2025-05-23,SKU-1002,78.2,warehouse-east
2025-05-24,SKU-1002,57.27,warehouse-east
2025-05-25,SKU-1002,45.76,warehouse-east
2025-05-26,SKU-1002,78.52,warehouse-east
2025-05-27,SKU-1002,76.23,warehouse-east
2025-05-28,SKU-1002,85.1,warehouse-east
2025-05-29,SKU-1002,107.75,warehouse-east
2025-05-30,SKU-1002,78.93,warehouse-east
2025-05-31,SKU-1002,74.85,warehouse-east
2025-06-01,SKU-1002,57.79,warehouse-east
2025-06-02,SKU-1002,74.08,warehouse-east
2025-06-03,SKU-1002,64.47,warehouse-east
2025-06-04,SKU-1002,73.97,warehouse-east
2025-06-05,SKU-1002,72.94,warehouse-east
2025-06-06,SKU-1002,60.34,warehouse-east
2025-06-07,SKU-1002,39.84,warehouse-east
2025-06-08,SKU-1002,53.81,warehouse-east
2025-06-09,SKU-1002,93.99,warehouse-east
2025-06-10,SKU-1002,69.41,warehouse-east
2025-06-11,SKU-1002,48.57,warehouse-east
2025-06-12,SKU-1002,37.2,warehouse-east
2025-06-13,SKU-1002,54.75,warehouse-east
2025-06-14,SKU-1002,58.33,warehouse-east
2025-06-15,SKU-1002,28.42,warehouse-east
2025-06-16,SKU-1002,82.83,warehouse-east
2025-06-17,SKU-1002,79.38,warehouse-east
2025-06-18,SKU-1002,68.03,warehouse-east
2025-06-19,SKU-1002,46.53,warehouse-east
2025-06-20,SKU-1002,58.92,warehouse-east
2025-06-21,SKU-1002,43.56,warehouse-east
2025-06-22,SKU-1002,52.38,warehouse-east
2025-06-23,SKU-1002,50.2,warehouse-east
2025-06-24,SKU-1002,90.52,warehouse-east
2025-06-25,SKU-1002,73.89,warehouse-east
2025-06-26,SKU-1002,75.49,warehouse-east
2025-06-27,SKU-1002,78.17,warehouse-east
2025-06-28,SKU-1002,66.59,warehouse-east
2025-06-29,SKU-1002,49.52,warehouse-east
2025-06-30,SKU-1002,78.84,warehouse-east
2025-07-01,SKU-1002,54.54,warehouse-east
2025-07-02,SKU-1002,91.6,warehouse-east
2025-07-03,SKU-1002,66.4,warehouse-east
2025-07-04,SKU-1002,54.16,warehouse-east
2025-07-05,SKU-1002,88.82,warehouse-east
2025-07-06,SKU-1002,15.4,warehouse-east
2025-07-07,SKU-1002,40.3,warehouse-east
2025-07-08,SKU-1002,75.36,warehouse-east
2025-07-09,SKU-1002,49.34,warehouse-east
2025-07-10,SKU-1002,63.03,warehouse-east
2025-07-11,SKU-1002,63.59,warehouse-east
2025-07-12,SKU-1002,25.94,warehouse-east
2025-07-13,SKU-1002,39.93,warehouse-east
2025-07-14,SKU-1002,63.73,warehouse-east
2025-07-15,SKU-1002,59.51,warehouse-east
2025-07-16,SKU-1002,52.89,warehouse-east
2025-07-17,SKU-1002,47.99,warehouse-east
2025-07-18,SKU-1002,58.69,warehouse-east
2025-07-19,SKU-1002,34.25,warehouse-east
2025-07-20,SKU-1002,51.34,warehouse-east
2025-07-21,SKU-1002,83.59,warehouse-east
2025-07-22,SKU-1002,76.36,warehouse-east
2025-07-23,SKU-1002,63.28,warehouse-east
2025-07-24,SKU-1002,52.58,warehouse-east
2025-07-25,SKU-1002,75.61,warehouse-east
2025-07-26,SKU-1002,51.85,warehouse-east
2025-07-27,SKU-1002,62.01,warehouse-east
2025-07-28,SKU-1002,64.83,warehouse-east
2025-07-29,SKU-1002,87.8,warehouse-east
2025-07-30,SKU-1002,64.62,warehouse-east
2025-07-31,SKU-1002,51.78,warehouse-east
2025-08-01,SKU-1002,51.82,warehouse-east
2025-08-02,SKU-1002,48.05,warehouse-east
2025-08-03,SKU-1002,31.54,warehouse-east
2025-08-04,SKU-1002,84.69,warehouse-east
2025-08-05,SKU-1002,65.22,warehouse-east
2025-08-06,SKU-1002,59.15,warehouse-east
2025-08-07,SKU-1002,60.28,warehouse-east
2025-08-08,SKU-1002,54.51,warehouse-east
2025-08-09,SKU-1002,14.7,warehouse-east
2025-08-10,SKU-1002,32.42,warehouse-east
2025-08-11,SKU-1002,81.68,warehouse-east
2025-08-12,SKU-1002,61.34,warehouse-east
2025-08-13,SKU-1002,73.58,warehouse-east
2025-08-14,SKU-1002,73.95,warehouse-east
2025-08-15,SKU-1002,57.09,warehouse-east
2025-08-16,SKU-1002,49.04,warehouse-east
2025-08-17,SKU-1002,15.54,warehouse-east
2025-08-18,SKU-1002,79.52,warehouse-east
2025-08-19,SKU-1002,77.97,warehouse-east
2025-08-20,SKU-1002,64.58,warehouse-east
2025-08-21,SKU-1002,60.98,warehouse-east
2025-08-22,SKU-1002,56.59,warehouse-east
2025-08-23,SKU-1002,56.36,warehouse-east
2025-08-24,SKU-1002,50.28,warehouse-east
2025-08-25,SKU-1002,13.94,warehouse-east
2025-08-26,SKU-1002,51.13,warehouse-east
2025-08-27,SKU-1002,39.67,warehouse-east
2025-08-28,SKU-1002,36.95,warehouse-east
2025-08-29,SKU-1002,73.68,warehouse-east
2025-08-30,SKU-1002,37.59,warehouse-east
2025-08-31,SKU-1002,45.38,warehouse-east
2025-09-01,SKU-1002,56.3,warehouse-east
2025-09-02,SKU-1002,35.8,warehouse-east
2025-09-03,SKU-1002,31.6,warehouse-east
2025-09-04,SKU-1002,48.42,warehouse-east
2025-09-05,SKU-1002,49.52,warehouse-east
2025-09-06,SKU-1002,32.02,warehouse-east
2025-09-07,SKU-1002,32.37,warehouse-east
2025-09-08,SKU-1002,85.6,warehouse-east
2025-09-09,SKU-1002,69.81,warehouse-east
2025-09-10,SKU-1002,57.83,warehouse-east
2025-09-11,SKU-1002,53.08,warehouse-east
2025-09-12,SKU-1002,53.5,warehouse-east
2025-09-13,SKU-1002,47.78,warehouse-east
2025-09-14,SKU-1002,35.51,warehouse-east
2025-09-15,SKU-1002,67.5,warehouse-east
2025-09-16,SKU-1002,58.86,warehouse-east
2025-09-17,SKU-1002,84.88,warehouse-east
2025-09-18,SKU-1002,51.37,warehouse-east
2025-09-19,SKU-1002,69.98,warehouse-east
2025-09-20,SKU-1002,20.72,warehouse-east
2025-09-21,SKU-1002,26.89,warehouse-east
2025-09-22,SKU-1002,81.77,warehouse-east
2025-09-23,SKU-1002,66.02,warehouse-east
2025-09-24,SKU-1002,60.3,warehouse-east
2025-09-25,SKU-1002,88.82,warehouse-east
2025-09-26,SKU-1002,51.8,warehouse-east
2025-09-27,SKU-1002,52.43,warehouse-east
2025-09-28,SKU-1002,53.58,warehouse-east
2025-09-29,SKU-1002,76.87,warehouse-east
2025-09-30,SKU-1002,35.08,warehouse-east
2025-10-01,SKU-1002,51.99,warehouse-east
2025-10-02,SKU-1002,57.78,warehouse-east
2025-10-03,SKU-1002,76.95,warehouse-east
2025-10-04,SKU-1002,42.7,warehouse-east
2025-10-05,SKU-1002,53.67,warehouse-east
2025-10-06,SKU-1002,34.03,warehouse-east
2025-10-07,SKU-1002,47.88,warehouse-east
2025-10-08,SKU-1002,72.88,warehouse-east
2025-10-09,SKU-1002,49.55,warehouse-east
2025-10-10,SKU-1002,52.28,warehouse-east
2025-10-11,SKU-1002,59.33,warehouse-east
2025-10-12,SKU-1002,22.64,warehouse-east
2025-10-13,SKU-1002,42.16,warehouse-east
2025-10-14,SKU-1002,31.8,warehouse-east
2025-10-15,SKU-1002,76.17,warehouse-east
2025-10-16,SKU-1002,66.59,warehouse-east
2025-10-17,SKU-1002,66.07,warehouse-east
2025-10-18,SKU-1002,30.06,warehouse-east
2025-10-19,SKU-1002,14.03,warehouse-east
2025-10-20,SKU-1002,26.36,warehouse-east
2025-10-21,SKU-1002,71.7,warehouse-east
2025-10-22,SKU-1002,59.3,warehouse-east
2025-10-23,SKU-1002,62.12,warehouse-east
2025-10-24,SKU-1002,54.86,warehouse-east
2025-10-25,SKU-1002,23.15,warehouse-east
2025-10-26,SKU-1002,30.18,warehouse-east
2025-10-27,SKU-1002,35.51,warehouse-east
2025-10-28,SKU-1002,33.68,warehouse-east
2025-10-29,SKU-1002,63.91,warehouse-east
2025-10-30,SKU-1002,26.48,warehouse-east
2025-10-31,SKU-1002,35.2,warehouse-east
2025-11-01,SKU-1002,31.97,warehouse-east
2025-11-02,SKU-1002,36.85,warehouse-east
2025-11-03,SKU-1002,31.61,warehouse-east
2025-11-04,SKU-1002,27.62,warehouse-east
2025-11-05,SKU-1002,58.02,warehouse-east
2025-11-06,SKU-1002,54.67,warehouse-east
2025-11-07,SKU-1002,71.67,warehouse-east
2025-11-08,SKU-1002,36.68,warehouse-east
2025-11-09,SKU-1002,42.92,warehouse-east
2025-11-10,SKU-1002,40.36,warehouse-east
2025-11-11,SKU-1002,40.84,warehouse-east
2025-11-12,SKU-1002,32.02,warehouse-east
2025-11-13,SKU-1002,40.18,warehouse-east
2025-11-14,SKU-1002,46.05,warehouse-east
2025-11-15,SKU-1002,53.06,warehouse-east
2025-11-16,SKU-1002,21.74,warehouse-east
2025-11-17,SKU-1002,82.34,warehouse-east
2025-11-18,SKU-1002,59.56,warehouse-east
2025-11-19,SKU-1002,56.16,warehouse-east
2025-11-20,SKU-1002,50.5,warehouse-east
2025-11-21,SKU-1002,47.54,warehouse-east
2025-11-22,SKU-1002,25.48,warehouse-east
2025-11-23,SKU-1002,13.23,warehouse-east
2025-11-24,SKU-1002,37.37,warehouse-east
2025-11-25,SKU-1002,73.91,warehouse-east
2025-11-26,SKU-1002,57.75,warehouse-east
2025-11-27,SKU-1002,73.54,warehouse-east
2025-11-28,SKU-1002,40.29,warehouse-east
2025-11-29,SKU-1002,18.12,warehouse-east
2025-11-30,SKU-1002,33.79,warehouse-east
2025-12-01,SKU-1002,39.71,warehouse-east
2025-12-02,SKU-1002,54.66,warehouse-east
2025-12-03,SKU-1002,27.7,warehouse-east
2025-12-04,SKU-1002,21.02,warehouse-east
2025-12-05,SKU-1002,56.43,warehouse-east
2025-12-06,SKU-1002,59.66,warehouse-east
2025-12-07,SKU-1002,40.79,warehouse-east
2025-12-08,SKU-1002,58.86,warehouse-east
2025-12-09,SKU-1002,51.52,warehouse-east
2025-12-10,SKU-1002,52.81,warehouse-east
2025-12-11,SKU-1002,28.95,warehouse-east
2025-12-12,SKU-1002,39.02,warehouse-east
2025-12-13,SKU-1002,52.59,warehouse-east
2025-12-14,SKU-1002,17.59,warehouse-east
2025-12-15,SKU-1002,44.97,warehouse-east
2025-12-16,SKU-1002,67.81,warehouse-east
2025-12-17,SKU-1002,51.63,warehouse-east
2025-12-18,SKU-1002,52.27,warehouse-east
2025-12-19,SKU-1002,44.64,warehouse-east
2025-12-20,SKU-1002,44.15,warehouse-east
2025-12-21,SKU-1002,47.8,warehouse-east
2025-12-22,SKU-1002,37.16,warehouse-east
2025-12-23,SKU-1002,28.87,warehouse-east
2025-12-24,SKU-1002,21.19,warehouse-east
2025-12-25,SKU-1002,56.24,warehouse-east
2025-12-26,SKU-1002,54.34,warehouse-east
2025-12-27,SKU-1002,70.39,warehouse-east
2025-12-28,SKU-1002,34.15,warehouse-east
2025-12-29,SKU-1002,46.7,warehouse-east
2025-12-30,SKU-1002,52.08,warehouse-east
2025-12-31,SKU-1002,52.79,warehouse-east
2025-01-01,SKU-1003,339.5,warehouse-west
2025-01-02,SKU-1003,316.85,warehouse-west
2025-01-03,SKU-1003,348.78,warehouse-west
2025-01-04,SKU-1003,237.07,warehouse-west
2025-01-05,SKU-1003,236.82,warehouse-west
2025-01-06,SKU-1003,382.1,warehouse-west
2025-01-07,SKU-1003,350.38,warehouse-west
2025-01-08,SKU-1003,298.07,warehouse-west
2025-01-09,SKU-1003,326.74,warehouse-west
2025-01-10,SKU-1003,344.22,warehouse-west
2025-01-11,SKU-1003,242.45,warehouse-west
2025-01-12,SKU-1003,261.77,warehouse-west
2025-01-13,SKU-1003,356.01,warehouse-west
2025-01-14,SKU-1003,274.99,warehouse-west
2025-01-15,SKU-1003,306.2,warehouse-west
2025-01-16,SKU-1003,379.16,warehouse-west
2025-01-17,SKU-1003,347.2,warehouse-west
2025-01-18,SKU-1003,302.57,warehouse-west
2025-01-19,SKU-1003,249.28,warehouse-west
2025-01-20,SKU-1003,343.99,warehouse-west
2025-01-21,SKU-1003,333.51,warehouse-west
2025-01-22,SKU-1003,346.53,warehouse-west
2025-01-23,SKU-1003,365.63,warehouse-west
2025-01-24,SKU-1003,359.9,warehouse-west
2025-01-25,SKU-1003,283.68,warehouse-west
2025-01-26,SKU-1003,186.7,warehouse-west
2025-01-27,SKU-1003,306.84,warehouse-west
2025-01-28,SKU-1003,353.1,warehouse-west
2025-01-29,SKU-1003,384.33,warehouse-west
2025-01-30,SKU-1003,976.69,warehouse-west
2025-01-31,SKU-1003,341.98,warehouse-west
2025-02-01,SKU-1003,272.79,warehouse-west
2025-02-02,SKU-1003,256.91,warehouse-west
2025-02-03,SKU-1003,401.47,warehouse-west
2025-02-04,SKU-1003,426.76,warehouse-west
2025-02-05,SKU-1003,373.15,warehouse-west
2025-02-06,SKU-1003,362.36,warehouse-west
2025-02-07,SKU-1003,345.3,warehouse-west
2025-02-08,SKU-1003,205.09,warehouse-west
2025-02-09,SKU-1003,195.83,warehouse-west
2025-02-10,SKU-1003,355.72,warehouse-west
2025-02-11,SKU-1003,424.68,warehouse-west
2025-02-12,SKU-1003,410.8,warehouse-west
2025-02-13,SKU-1003,364.76,warehouse-west
2025-02-14,SKU-1003,471.17,warehouse-west
2025-02-15,SKU-1003,238.59,warehouse-west
2025-02-16,SKU-1003,315.3,warehouse-west
2025-02-17,SKU-1003,449.13,warehouse-west
2025-02-18,SKU-1003,405.66,warehouse-west
2025-02-19,SKU-1003,360.75,warehouse-west
2025-02-20,SKU-1003,373.85,warehouse-west
2025-02-21,SKU-1003,98.12,warehouse-west
2025-02-22,SKU-1003,211.79,warehouse-west
2025-02-23,SKU-1003,227.22,warehouse-west
2025-02-24,SKU-1003,348.97,warehouse-west
2025-02-25,SKU-1003,412.91,warehouse-west
2025-02-26,SKU-1003,439.47,warehouse-west
2025-02-27,SKU-1003,421.4,warehouse-west
2025-02-28,SKU-1003,433.08,warehouse-west
2025-03-01,SKU-1003,241.57,warehouse-west
2025-03-02,SKU-1003,259.34,warehouse-west
2025-03-03,SKU-1003,389.87,warehouse-west
2025-03-04,SKU-1003,418.75,warehouse-west
2025-03-05,SKU-1003,487.72,warehouse-west
2025-03-06,SKU-1003,375.98,warehouse-west
2025-03-07,SKU-1003,439.44,warehouse-west
2025-03-08,SKU-1003,335.86,warehouse-west
2025-03-09,SKU-1003,295.45,warehouse-west
2025-03-10,SKU-1003,389.54,warehouse-west
2025-03-11,SKU-1003,371.18,warehouse-west
2025-03-12,SKU-1003,363.56,warehouse-west
2025-03-13,SKU-1003,327.3,warehouse-west
2025-03-14,SKU-1003,397.71,warehouse-west
2025-03-15,SKU-1003,266.54,warehouse-west
2025-03-16,SKU-1003,312.44,warehouse-west
2025-03-17,SKU-1003,385.05,warehouse-west
2025-03-18,SKU-1003,402.3,warehouse-west
2025-03-19,SKU-1003,420.89,warehouse-west
2025-03-20,SKU-1003,429.83,warehouse-west
2025-03-21,SKU-1003,440.19,warehouse-west
2025-03-22,SKU-1003,287.74,warehouse-west
2025-03-23,SKU-1003,229.04,warehouse-west
2025-03-24,SKU-1003,428.6,warehouse-west
2025-03-25,SKU-1003,387.16,warehouse-west
2025-03-26,SKU-1003,463.35,warehouse-west
2025-03-27,SKU-1003,415.28,warehouse-west
2025-03-28,SKU-1003,424.66,warehouse-west
2025-03-29,SKU-1003,387.45,warehouse-west
2025-03-30,SKU-1003,313.93,warehouse-west
2025-03-31,SKU-1003,432.09,warehouse-west
2025-04-01,SKU-1003,1109.2,warehouse-west
2025-04-02,SKU-1003,363.99,warehouse-west
2025-04-03,SKU-1003,405.2,warehouse-west
2025-04-04,SKU-1003,380.14,warehouse-west
2025-04-05,SKU-1003,349.58,warehouse-west
2025-04-06,SKU-1003,298.98,warehouse-west
2025-04-07,SKU-1003,463.82,warehouse-west
2025-04-08,SKU-1003,41.99,warehouse-west
2025-04-09,SKU-1003,385.75,warehouse-west
2025-04-10,SKU-1003,443.68,warehouse-west
2025-04-11,SKU-1003,382.84,warehouse-west
2025-04-12,SKU-1003,268.14,warehouse-west
2025-04-13,SKU-1003,355.13,warehouse-west
2025-04-14,SKU-1003,404.15,warehouse-west
2025-04-15,SKU-1003,364.0,warehouse-west
2025-04-16,SKU-1003,60.04,warehouse-west
2025-04-17,SKU-1003,399.85,warehouse-west
2025-04-18,SKU-1003,524.85,warehouse-west
2025-04-19,SKU-1003,350.18,warehouse-west
2025-04-20,SKU-1003,369.14,warehouse-west
2025-04-21,SKU-1003,465.28,warehouse-west
2025-04-22,SKU-1003,448.62,warehouse-west
2025-04-23,SKU-1003,392.79,warehouse-west
2025-04-24,SKU-1003,425.98,warehouse-west
2025-04-25,SKU-1003,454.56,warehouse-west
2025-04-26,SKU-1003,329.56,warehouse-west
2025-04-27,SKU-1003,246.09,warehouse-west
2025-04-28,SKU-1003,420.76,warehouse-west
2025-04-29,SKU-1003,425.79,warehouse-west
2025-04-30,SKU-1003,424.83,warehouse-west
2025-05-01,SKU-1003,374.83,warehouse-west
2025-05-02,SKU-1003,490.54,warehouse-west
2025-05-03,SKU-1003,275.23,warehouse-west
2025-05-04,SKU-1003,246.3,warehouse-west
2025-05-05,SKU-1003,493.49,warehouse-west
2025-05-06,SKU-1003,480.42,warehouse-west
2025-05-07,SKU-1003,424.9,warehouse-west
2025-05-08,SKU-1003,349.1,warehouse-west
2025-05-09,SKU-1003,401.78,warehouse-west
2025-05-10,SKU-1003,223.26,warehouse-west
2025-05-11,SKU-1003,307.98,warehouse-west
2025-05-12,SKU-1003,400.84,warehouse-west
2025-05-13,SKU-1003,421.63,warehouse-west
2025-05-14,SKU-1003,494.2,warehouse-west
2025-05-15,SKU-1003,399.8,warehouse-west
2025-05-16,SKU-1003,443.21,warehouse-west
2025-05-17,SKU-1003,320.44,warehouse-west
2025-05-18,SKU-1003,339.27,warehouse-west
2025-05-19,SKU-1003,422.19,warehouse-west
2025-05-20,SKU-1003,418.63,warehouse-west
2025-05-21,SKU-1003,418.29,warehouse-west
2025-05-22,SKU-1003,442.62,warehouse-west
2025-05-23,SKU-1003,488.21,warehouse-west
2025-05-24,SKU-1003,281.71,warehouse-west
2025-05-25,SKU-1003,195.98,warehouse-west
2025-05-26,SKU-1003,465.6,warehouse-west
2025-05-27,SKU-1003,433.49,warehouse-west
2025-05-28,SKU-1003,452.03,warehouse-west
2025-05-29,SKU-1003,369.47,warehouse-west
2025-05-30,SKU-1003,411.39,warehouse-west
2025-05-31,SKU-1003,327.08,warehouse-west
2025-06-01,SKU-1003,231.45,warehouse-west
2025-06-02,SKU-1003,432.26,warehouse-west
2025-06-03,SKU-1003,412.72,warehouse-west
2025-06-04,SKU-1003,385.32,warehouse-west
2025-06-05,SKU-1003,382.84,warehouse-west
2025-06-06,SKU-1003,375.17,warehouse-west
2025-06-07,SKU-1003,286.34,warehouse-west
2025-06-08,SKU-1003,291.31,warehouse-west
2025-06-09,SKU-1003,402.77,warehouse-west
2025-06-10,SKU-1003,375.11,warehouse-west
2025-06-11,SKU-1003,301.7,warehouse-west
2025-06-12,SKU-1003,436.56,warehouse-west
2025-06-13,SKU-1003,455.81,warehouse-west
2025-06-14,SKU-1003,311.27,warehouse-west
2025-06-15,SKU-1003,369.17,warehouse-west
2025-06-16,SKU-1003,413.98,warehouse-west
2025-06-17,SKU-1003,476.85,warehouse-west
2025-06-18,SKU-1003,396.56,warehouse-west
2025-06-19,SKU-1003,390.98,warehouse-west
2025-06-20,SKU-1003,428.41,warehouse-west
2025-06-21,SKU-1003,354.11,warehouse-west
2025-06-22,SKU-1003,277.83,warehouse-west
2025-06-23,SKU-1003,362.62,warehouse-west
2025-06-24,SKU-1003,461.02,warehouse-west
2025-06-25,SKU-1003,423.14,warehouse-west
2025-06-26,SKU-1003,438.75,warehouse-west
2025-06-27,SKU-1003,397.28,warehouse-west
2025-06-28,SKU-1003,296.28,warehouse-west
2025-06-29,SKU-1003,234.59,warehouse-west
2025-06-30,SKU-1003,503.93,warehouse-west
2025-07-01,SKU-1003,451.27,warehouse-west
2025-07-02,SKU-1003,411.31,warehouse-west
2025-07-03,SKU-1003,443.23,warehouse-west
2025-07-04,SKU-1003,383.9,warehouse-west
2025-07-05,SKU-1003,320.85,warehouse-west
2025-07-06,SKU-1003,266.62,warehouse-west
2025-07-07,SKU-1003,395.06,warehouse-west
2025-07-08,SKU-1003,373.53,warehouse-west
2025-07-09,SKU-1003,429.2,warehouse-west
2025-07-10,SKU-1003,413.74,warehouse-west
2025-07-11,SKU-1003,469.79,warehouse-west
2025-07-12,SKU-1003,239.65,warehouse-west
2025-07-13,SKU-1003,299.64,warehouse-west
2025-07-14,SKU-1003,462.36,warehouse-west
2025-07-15,SKU-1003,518.97,warehouse-west
2025-07-16,SKU-1003,423.69,warehouse-west
2025-07-17,SKU-1003,402.31,warehouse-west
2025-07-18,SKU-1003,423.69,warehouse-west
2025-07-19,SKU-1003,337.35,warehouse-west
2025-07-20,SKU-1003,337.68,warehouse-west
2025-07-21,SKU-1003,413.8,warehouse-west
2025-07-22,SKU-1003,470.92,warehouse-west
2025-07-23,SKU-1003,418.65,warehouse-west
2025-07-24,SKU-1003,453.71,warehouse-west
2025-07-25,SKU-1003,442.48,warehouse-west
2025-07-26,SKU-1003,271.47,warehouse-west
2025-07-27,SKU-1003,250.6,warehouse-west
2025-07-28,SKU-1003,470.87,warehouse-west
2025-07-29,SKU-1003,483.56,warehouse-west
2025-07-30,SKU-1003,439.37,warehouse-west
2025-07-31,SKU-1003,422.78,warehouse-west
2025-08-01,SKU-1003,360.76,warehouse-west
2025-08-02,SKU-1003,325.98,warehouse-west
2025-08-03,SKU-1003,290.15,warehouse-west
2025-08-04,SKU-1003,399.07,warehouse-west
2025-08-05,SKU-1003,444.78,warehouse-west
2025-08-06,SKU-1003,356.6,warehouse-west
2025-08-07,SKU-1003,370.92,warehouse-west
2025-08-08,SKU-1003,384.33,warehouse-west
2025-08-09,SKU-1003,301.43,warehouse-west
2025-08-10,SKU-1003,288.4,warehouse-west
2025-08-11,SKU-1003,438.34,warehouse-west
2025-08-12,SKU-1003,457.84,warehouse-west
2025-08-13,SKU-1003,440.85,warehouse-west
2025-08-14,SKU-1003,490.45,warehouse-west
2025-08-15,SKU-1003,459.24,warehouse-west
2025-08-16,SKU-1003,278.45,warehouse-west
2025-08-17,SKU-1003,262.2,warehouse-west
2025-08-18,SKU-1003,412.84,warehouse-west
2025-08-19,SKU-1003,445.34,warehouse-west
2025-08-20,SKU-1003,400.05,warehouse-west
2025-08-21,SKU-1003,109.79,warehouse-west
2025-08-22,SKU-1003,443.09,warehouse-west
2025-08-23,SKU-1003,264.23,warehouse-west
2025-08-24,SKU-1003,318.33,warehouse-west
2025-08-25,SKU-1003,434.67,warehouse-west
2025-08-26,SKU-1003,494.01,warehouse-west
2025-08-27,SKU-1003,420.21,warehouse-west
2025-08-28,SKU-1003,409.36,warehouse-west
2025-08-29,SKU-1003,379.84,warehouse-west
2025-08-30,SKU-1003,245.35,warehouse-west
2025-08-31,SKU-1003,326.42,warehouse-west
2025-09-01,SKU-1003,485.71,warehouse-west
2025-09-02,SKU-1003,413.6,warehouse-west
2025-09-03,SKU-1003,411.52,warehouse-west
2025-09-04,SKU-1003,421.57,warehouse-west
2025-09-05,SKU-1003,465.74,warehouse-west
2025-09-06,SKU-1003,249.11,warehouse-west
2025-09-07,SKU-1003,296.07,warehouse-west
2025-09-08,SKU-1003,459.76,warehouse-west
2025-09-09,SKU-1003,441.29,warehouse-west
2025-09-10,SKU-1003,313.61,warehouse-west
2025-09-11,SKU-1003,449.35,warehouse-west
2025-09-12,SKU-1003,443.18,warehouse-west
2025-09-13,SKU-1003,343.51,warehouse-west
2025-09-14,SKU-1003,353.39,warehouse-west
2025-09-15,SKU-1003,476.81,warehouse-west
2025-09-16,SKU-1003,427.73,warehouse-west
2025-09-17,SKU-1003,361.13,warehouse-west
2025-09-18,SKU-1003,512.54,warehouse-west
2025-09-19,SKU-1003,419.16,warehouse-west
2025-09-20,SKU-1003,292.67,warehouse-west
2025-09-21,SKU-1003,359.06,warehouse-west
2025-09-22,SKU-1003,397.98,warehouse-west
2025-09-23,SKU-1003,375.37,warehouse-west
2025-09-24,SKU-1003,411.5,warehouse-west
2025-09-25,SKU-1003,401.47,warehouse-west
2025-09-26,SKU-1003,373.41,warehouse-west
2025-09-27,SKU-1003,289.96,warehouse-west
2025-09-28,SKU-1003,658.89,warehouse-west
2025-09-29,SKU-1003,372.84,warehouse-west
2025-09-30,SKU-1003,419.27,warehouse-west
2025-10-01,SKU-1003,408.48,warehouse-west
2025-10-02,SKU-1003,364.06,warehouse-west
2025-10-03,SKU-1003,444.17,warehouse-west
2025-10-04,SKU-1003,308.58,warehouse-west
2025-10-05,SKU-1003,270.31,warehouse-west
2025-10-06,SKU-1003,484.12,warehouse-west
2025-10-07,SKU-1003,442.43,warehouse-west
2025-10-08,SKU-1003,413.75,warehouse-west
2025-10-09,SKU-1003,382.04,warehouse-west
2025-10-10,SKU-1003,453.77,warehouse-west
2025-10-11,SKU-1003,322.8,warehouse-west
2025-10-12,SKU-1003,283.47,warehouse-west
2025-10-13,SKU-1003,450.47,warehouse-west
2025-10-14,SKU-1003,509.59,warehouse-west
2025-10-15,SKU-1003,481.47,warehouse-west
2025-10-16,SKU-1003,360.03,warehouse-west
2025-10-17,SKU-1003,417.84,warehouse-west
2025-10-18,SKU-1003,299.6,warehouse-west
2025-10-19,SKU-1003,308.26,warehouse-west
2025-10-20,SKU-1003,454.86,warehouse-west
2025-10-21,SKU-1003,466.29,warehouse-west
2025-10-22,SKU-1003,445.17,warehouse-west
2025-10-23,SKU-1003,450.37,warehouse-west
2025-10-24,SKU-1003,488.25,warehouse-west
2025-10-25,SKU-1003,318.73,warehouse-west
2025-10-26,SKU-1003,600.93,warehouse-west
2025-10-27,SKU-1003,455.97,warehouse-west
2025-10-28,SKU-1003,430.18,warehouse-west
2025-10-29,SKU-1003,456.35,warehouse-west
2025-10-30,SKU-1003,503.76,warehouse-west
2025-10-31,SKU-1003,418.99,warehouse-west
2025-11-01,SKU-1003,296.2,warehouse-west
2025-11-02,SKU-1003,393.42,warehouse-west
2025-11-03,SKU-1003,513.41,warehouse-west
2025-11-04,SKU-1003,447.08,warehouse-west
2025-11-05,SKU-1003,485.98,warehouse-west
2025-11-06,SKU-1003,485.37,warehouse-west
2025-11-07,SKU-1003,507.21,warehouse-west
2025-11-08,SKU-1003,254.6,warehouse-west
2025-11-09,SKU-1003,366.2,warehouse-west
2025-11-10,SKU-1003,522.11,warehouse-west
2025-11-11,SKU-1003,433.34,warehouse-west
2025-11-12,SKU-1003,469.49,warehouse-west
2025-11-13,SKU-1003,531.02,warehouse-west
2025-11-14,SKU-1003,534.96,warehouse-west
2025-11-15,SKU-1003,259.7,warehouse-west
2025-11-16,SKU-1003,295.16,warehouse-west
2025-11-17,SKU-1003,431.33,warehouse-west
2025-11-18,SKU-1003,457.52,warehouse-west
2025-11-19,SKU-1003,449.36,warehouse-west
2025-11-20,SKU-1003,499.23,warehouse-west
2025-11-21,SKU-1003,504.64,warehouse-west
2025-11-22,SKU-1003,329.79,warehouse-west
2025-11-23,SKU-1003,326.35,warehouse-west
2025-11-24,SKU-1003,469.56,warehouse-west
2025-11-25,SKU-1003,474.53,warehouse-west
2025-11-26,SKU-1003,549.35,warehouse-west
2025-11-27,SKU-1003,513.8,warehouse-west
2025-11-28,SKU-1003,473.09,warehouse-west
2025-11-29,SKU-1003,327.73,warehouse-west
2025-11-30,SKU-1003,350.29,warehouse-west
2025-12-01,SKU-1003,465.94,warehouse-west
2025-12-02,SKU-1003,519.97,warehouse-west
2025-12-03,SKU-1003,540.32,warehouse-west
2025-12-04,SKU-1003,535.38,warehouse-west
2025-12-05,SKU-1003,484.39,warehouse-west
2025-12-06,SKU-1003,327.29,warehouse-west
2025-12-07,SKU-1003,273.33,warehouse-west
2025-12-08,SKU-1003,547.47,warehouse-west
2025-12-09,SKU-1003,601.06,warehouse-west
2025-12-10,SKU-1003,481.87,warehouse-west
2025-12-11,SKU-1003,563.24,warehouse-west
2025-12-12,SKU-1003,598.08,warehouse-west
2025-12-13,SKU-1003,336.14,warehouse-west
2025-12-14,SKU-1003,350.89,warehouse-west
2025-12-15,SKU-1003,531.55,warehouse-west
2025-12-16,SKU-1003,540.66,warehouse-west
2025-12-17,SKU-1003,534.82,warehouse-west
2025-12-18,SKU-1003,507.38,warehouse-west
2025-12-19,SKU-1003,548.46,warehouse-west
2025-12-20,SKU-1003,342.59,warehouse-west
2025-12-21,SKU-1003,372.83,warehouse-west
2025-12-22,SKU-1003,524.08,warehouse-west
2025-12-23,SKU-1003,454.88,warehouse-west
2025-12-24,SKU-1003,576.83,warehouse-west
2025-12-25,SKU-1003,503.07,warehouse-west
2025-12-26,SKU-1003,582.43,warehouse-west
2025-12-27,SKU-1003,402.24,warehouse-west
2025-12-28,SKU-1003,369.3,warehouse-west
2025-12-29,SKU-1003,549.94,warehouse-west
2025-12-30,SKU-1003,555.46,warehouse-west
2025-12-31,SKU-1003,522.31,warehouse-west
2025-01-01,SKU-1004,56.24,warehouse-west
2025-01-02,SKU-1004,63.69,warehouse-west
2025-01-03,SKU-1004,28.35,warehouse-west
2025-01-04,SKU-1004,39.19,warehouse-west
2025-01-05,SKU-1004,35.49,warehouse-west
2025-01-06,SKU-1004,50.02,warehouse-west
2025-01-07,SKU-1004,61.82,warehouse-west
2025-01-08,SKU-1004,51.48,warehouse-west
2025-01-09,SKU-1004,66.37,warehouse-west
2025-01-10,SKU-1004,67.28,warehouse-west
2025-01-11,SKU-1004,11.88,warehouse-west
2025-01-12,SKU-1004,32.96,warehouse-west
2025-01-13,SKU-1004,62.07,warehouse-west
2025-01-14,SKU-1004,69.64,warehouse-west
2025-01-15,SKU-1004,64.83,warehouse-west
2025-01-16,SKU-1004,57.48,warehouse-west
2025-01-17,SKU-1004,48.93,warehouse-west
2025-01-18,SKU-1004,32.62,warehouse-west
2025-01-19,SKU-1004,37.93,warehouse-west
2025-01-20,SKU-1004,38.81,warehouse-west
2025-01-21,SKU-1004,59.88,warehouse-west
2025-01-22,SKU-1004,64.34,warehouse-west
2025-01-23,SKU-1004,67.13,warehouse-west
2025-01-24,SKU-1004,41.67,warehouse-west
2025-01-25,SKU-1004,31.75,warehouse-west
2025-01-26,SKU-1004,47.67,warehouse-west
2025-01-27,SKU-1004,55.81,warehouse-west
2025-01-28,SKU-1004,64.1,warehouse-west
2025-01-29,SKU-1004,45.36,warehouse-west
2025-01-30,SKU-1004,71.36,warehouse-west
2025-01-31,SKU-1004,44.66,warehouse-west
2025-02-01,SKU-1004,10.55,warehouse-west
2025-02-02,SKU-1004,42.59,warehouse-west
2025-02-03,SKU-1004,61.86,warehouse-west
2025-02-04,SKU-1004,54.85,warehouse-west
2025-02-05,SKU-1004,64.53,warehouse-west
2025-02-06,SKU-1004,64.82,warehouse-west
2025-02-07,SKU-1004,63.69,warehouse-west
2025-02-08,SKU-1004,35.66,warehouse-west
2025-02-09,SKU-1004,33.8,warehouse-west
2025-02-10,SKU-1004,55.67,warehouse-west
2025-02-11,SKU-1004,5.64,warehouse-west
2025-02-12,SKU-1004,70.97,warehouse-west
2025-02-13,SKU-1004,56.48,warehouse-west
2025-02-14,SKU-1004,168.06,warehouse-west
2025-02-15,SKU-1004,34.17,warehouse-west
2025-02-16,SKU-1004,37.71,warehouse-west
2025-02-17,SKU-1004,55.0,warehouse-west
2025-02-18,SKU-1004,68.51,warehouse-west
2025-02-19,SKU-1004,68.27,warehouse-west
2025-02-20,SKU-1004,58.39,warehouse-west
2025-02-21,SKU-1004,62.42,warehouse-west
2025-02-22,SKU-1004,34.92,warehouse-west
2025-02-23,SKU-1004,149.15,warehouse-west
2025-02-24,SKU-1004,69.03,warehouse-west
2025-02-25,SKU-1004,60.65,warehouse-west
2025-02-26,SKU-1004,61.74,warehouse-west
2025-02-27,SKU-1004,65.92,warehouse-west
2025-02-28,SKU-1004,71.8,warehouse-west
2025-03-01,SKU-1004,41.26,warehouse-west
2025-03-02,SKU-1004,47.26,warehouse-west
2025-03-03,SKU-1004,54.99,warehouse-west
2025-03-04,SKU-1004,48.29,warehouse-west
2025-03-05,SKU-1004,55.97,warehouse-west
2025-03-06,SKU-1004,75.02,warehouse-west
2025-03-07,SKU-1004,66.72,warehouse-west
2025-03-08,SKU-1004,29.86,warehouse-west
2025-03-09,SKU-1004,47.95,warehouse-west
2025-03-10,SKU-1004,49.78,warehouse-west
2025-03-11,SKU-1004,64.26,warehouse-west
2025-03-12,SKU-1004,51.48,warehouse-west
2025-03-13,SKU-1004,48.61,warehouse-west
2025-03-14,SKU-1004,76.93,warehouse-west
2025-03-15,SKU-1004,37.96,warehouse-west
2025-03-16,SKU-1004,47.28,warehouse-west
2025-03-17,SKU-1004,60.91,warehouse-west
2025-03-18,SKU-1004,50.48,warehouse-west
2025-03-19,SKU-1004,58.21,warehouse-west
2025-03-20,SKU-1004,50.56,warehouse-west
2025-03-21,SKU-1004,250.79,warehouse-west
2025-03-22,SKU-1004,49.1,warehouse-west
2025-03-23,SKU-1004,29.44,warehouse-west
2025-03-24,SKU-1004,71.64,warehouse-west
2025-03-25,SKU-1004,64.88,warehouse-west
2025-03-26,SKU-1004,15.87,warehouse-west
2025-03-27,SKU-1004,157.96,warehouse-west
2025-03-28,SKU-1004,54.76,warehouse-west
2025-03-29,SKU-1004,76.37,warehouse-west
2025-03-30,SKU-1004,26.57,warehouse-west
2025-03-31,SKU-1004,62.23,warehouse-west
2025-04-01,SKU-1004,62.2,warehouse-west
2025-04-02,SKU-1004,43.75,warehouse-west
2025-04-03,SKU-1004,51.48,warehouse-west
2025-04-04,SKU-1004,58.73,warehouse-west
2025-04-05,SKU-1004,24.32,warehouse-west
2025-04-06,SKU-1004,40.96,warehouse-west
2025-04-07,SKU-1004,62.07,warehouse-west
2025-04-08,SKU-1004,47.16,warehouse-west
2025-04-09,SKU-1004,53.6,warehouse-west
2025-04-10,SKU-1004,72.58,warehouse-west
2025-04-11,SKU-1004,65.34,warehouse-west
2025-04-12,SKU-1004,45.73,warehouse-west
2025-04-13,SKU-1004,52.15,warehouse-west
2025-04-14,SKU-1004,51.65,warehouse-west
2025-04-15,SKU-1004,47.19,warehouse-west
2025-04-16,SKU-1004,69.64,warehouse-west
2025-04-17,SKU-1004,59.0,warehouse-west
2025-04-18,SKU-1004,51.41,warehouse-west
2025-04-19,SKU-1004,61.64,warehouse-west
2025-04-20,SKU-1004,24.67,warehouse-west
2025-04-21,SKU-1004,61.61,warehouse-west
2025-04-22,SKU-1004,57.86,warehouse-west
2025-04-23,SKU-1004,56.19,warehouse-west
2025-04-24,SKU-1004,37.64,warehouse-west
2025-04-25,SKU-1004,75.1,warehouse-west
2025-04-26,SKU-1004,26.51,warehouse-west
2025-04-27,SKU-1004,38.08,warehouse-west
2025-04-28,SKU-1004,55.47,warehouse-west
2025-04-29,SKU-1004,65.65,warehouse-west
2025-04-30,SKU-1004,43.78,warehouse-west
2025-05-01,SKU-1004,62.37,warehouse-west
2025-05-02,SKU-1004,59.65,warehouse-west
2025-05-03,SKU-1004,32.76,warehouse-west
2025-05-04,SKU-1004,43.63,warehouse-west
2025-05-05,SKU-1004,57.94,warehouse-west
2025-05-06,SKU-1004,75.79,warehouse-west
2025-05-07,SKU-1004,55.84,warehouse-west
2025-05-08,SKU-1004,48.19,warehouse-west
2025-05-09,SKU-1004,62.47,warehouse-west
2025-05-10,SKU-1004,106.06,warehouse-west
2025-05-11,SKU-1004,39.37,warehouse-west
2025-05-12,SKU-1004,45.25,warehouse-west
2025-05-13,SKU-1004,63.8,warehouse-west
2025-05-14,SKU-1004,53.05,warehouse-west
2025-05-15,SKU-1004,60.41,warehouse-west
2025-05-16,SKU-1004,78.75,warehouse-west
2025-05-17,SKU-1004,36.9,warehouse-west
2025-05-18,SKU-1004,46.82,warehouse-west
2025-05-19,SKU-1004,55.94,warehouse-west
2025-05-20,SKU-1004,51.26,warehouse-west
2025-05-21,SKU-1004,70.96,warehouse-west
2025-05-22,SKU-1004,39.08,warehouse-west
2025-05-23,SKU-1004,67.83,warehouse-west
2025-05-24,SKU-1004,19.67,warehouse-west
2025-05-25,SKU-1004,48.3,warehouse-west
2025-05-26,SKU-1004,57.89,warehouse-west
2025-05-27,SKU-1004,48.21,warehouse-west
2025-05-28,SKU-1004,53.68,warehouse-west
2025-05-29,SKU-1004,64.61,warehouse-west
2025-05-30,SKU-1004,77.51,warehouse-west
2025-05-31,SKU-1004,23.73,warehouse-west
2025-06-01,SKU-1004,28.51,warehouse-west
2025-06-02,SKU-1004,41.7,warehouse-west
2025-06-03,SKU-1004,53.11,warehouse-west
2025-06-04,SKU-1004,64.22,warehouse-west
2025-06-05,SKU-1004,40.49,warehouse-west
2025-06-06,SKU-1004,54.88,warehouse-west
2025-06-07,SKU-1004,46.37,warehouse-west
2025-06-08,SKU-1004,33.29,warehouse-west
2025-06-09,SKU-1004,28.96,warehouse-west
2025-06-10,SKU-1004,56.99,warehouse-west
2025-06-11,SKU-1004,67.36,warehouse-west
2025-06-12,SKU-1004,44.29,warehouse-west
2025-06-13,SKU-1004,37.21,warehouse-west
2025-06-14,SKU-1004,40.7,warehouse-west
2025-06-15,SKU-1004,103.36,warehouse-west
2025-06-16,SKU-1004,50.13,warehouse-west
2025-06-17,SKU-1004,44.13,warehouse-west
2025-06-18,SKU-1004,12.95,warehouse-west
2025-06-19,SKU-1004,61.79,warehouse-west
2025-06-20,SKU-1004,43.51,warehouse-west
2025-06-21,SKU-1004,20.24,warehouse-west
2025-06-22,SKU-1004,30.72,warehouse-west
2025-06-23,SKU-1004,50.36,warehouse-west
2025-06-24,SKU-1004,59.62,warehouse-west
2025-06-25,SKU-1004,49.02,warehouse-west
2025-06-26,SKU-1004,69.22,warehouse-west
2025-06-27,SKU-1004,55.85,warehouse-west
2025-06-28,SKU-1004,29.42,warehouse-west
2025-06-29,SKU-1004,41.68,warehouse-west
2025-06-30,SKU-1004,69.02,warehouse-west
2025-07-01,SKU-1004,58.75,warehouse-west
2025-07-02,SKU-1004,37.22,warehouse-west
2025-07-03,SKU-1004,48.41,warehouse-west
2025-07-04,SKU-1004,54.75,warehouse-west
2025-07-05,SKU-1004,41.69,warehouse-west
2025-07-06,SKU-1004,33.79,warehouse-west
2025-07-07,SKU-1004,49.04,warehouse-west
2025-07-08,SKU-1004,70.2,warehouse-west
2025-07-09,SKU-1004,58.91,warehouse-west
2025-07-10,SKU-1004,56.47,warehouse-west
2025-07-11,SKU-1004,46.67,warehouse-west
2025-07-12,SKU-1004,24.62,warehouse-west
2025-07-13,SKU-1004,40.02,warehouse-west
2025-07-14,SKU-1004,60.04,warehouse-west
2025-07-15,SKU-1004,52.19,warehouse-west
2025-07-16,SKU-1004,58.94,warehouse-west
2025-07-17,SKU-1004,59.21,warehouse-west
2025-07-18,SKU-1004,60.74,warehouse-west
2025-07-19,SKU-1004,20.45,warehouse-west
2025-07-20,SKU-1004,32.05,warehouse-west
2025-07-21,SKU-1004,57.26,warehouse-west
2025-07-22,SKU-1004,52.75,warehouse-west
2025-07-23,SKU-1004,59.24,warehouse-west
2025-07-24,SKU-1004,56.46,warehouse-west
2025-07-25,SKU-1004,30.72,warehouse-west
2025-07-26,SKU-1004,46.6,warehouse-west
2025-07-27,SKU-1004,30.84,warehouse-west
2025-07-28,SKU-1004,43.62,warehouse-west
2025-07-29,SKU-1004,62.85,warehouse-west
2025-07-30,SKU-1004,58.42,warehouse-west
2025-07-31,SKU-1004,64.37,warehouse-west
2025-08-01,SKU-1004,5.83,warehouse-west
2025-08-02,SKU-1004,16.49,warehouse-west
2025-08-03,SKU-1004,38.34,warehouse-west
2025-08-04,SKU-1004,35.01,warehouse-west
2025-08-05,SKU-1004,61.36,warehouse-west
2025-08-06,SKU-1004,44.88,warehouse-west
2025-08-07,SKU-1004,33.16,warehouse-west
2025-08-08,SKU-1004,48.68,warehouse-west
2025-08-09,SKU-1004,28.77,warehouse-west
2025-08-10,SKU-1004,45.43,warehouse-west
2025-08-11,SKU-1004,64.72,warehouse-west
2025-08-12,SKU-1004,46.1,warehouse-west
2025-08-13,SKU-1004,52.84,warehouse-west
2025-08-14,SKU-1004,53.67,warehouse-west
2025-08-15,SKU-1004,49.75,warehouse-west
2025-08-16,SKU-1004,31.95,warehouse-west
2025-08-17,SKU-1004,25.01,warehouse-west
2025-08-18,SKU-1004,31.77,warehouse-west
2025-08-19,SKU-1004,40.94,warehouse-west
2025-08-20,SKU-1004,49.4,warehouse-west
2025-08-21,SKU-1004,35.74,warehouse-west
2025-08-22,SKU-1004,52.31,warehouse-west
2025-08-23,SKU-1004,34.95,warehouse-west
2025-08-24,SKU-1004,28.79,warehouse-west
2025-08-25,SKU-1004,47.52,warehouse-west
2025-08-26,SKU-1004,5.59,warehouse-west
2025-08-27,SKU-1004,58.53,warehouse-west
2025-08-28,SKU-1004,58.42,warehouse-west
2025-08-29,SKU-1004,65.62,warehouse-west
2025-08-30,SKU-1004,44.43,warehouse-west
2025-08-31,SKU-1004,36.97,warehouse-west
2025-09-01,SKU-1004,55.01,warehouse-west
2025-09-02,SKU-1004,52.91,warehouse-west
2025-09-03,SKU-1004,59.97,warehouse-west
2025-09-04,SKU-1004,9.22,warehouse-west
2025-09-05,SKU-1004,55.22,warehouse-west
2025-09-06,SKU-1004,33.13,warehouse-west
2025-09-07,SKU-1004,39.4,warehouse-west
2025-09-08,SKU-1004,39.3,warehouse-west
2025-09-09,SKU-1004,49.26,warehouse-west
2025-09-10,SKU-1004,47.76,warehouse-west
2025-09-11,SKU-1004,48.19,warehouse-west
2025-09-12,SKU-1004,57.76,warehouse-west
2025-09-13,SKU-1004,51.25,warehouse-west
2025-09-14,SKU-1004,47.56,warehouse-west
2025-09-15,SKU-1004,44.47,warehouse-west
2025-09-16,SKU-1004,52.13,warehouse-west
2025-09-17,SKU-1004,41.66,warehouse-west
2025-09-18,SKU-1004,42.59,warehouse-west
2025-09-19,SKU-1004,48.83,warehouse-west
2025-09-20,SKU-1004,26.59,warehouse-west
2025-09-21,SKU-1004,27.95,warehouse-west
2025-09-22,SKU-1004,51.89,warehouse-west
2025-09-23,SKU-1004,54.5,warehouse-west
2025-09-24,SKU-1004,54.22,warehouse-west
2025-09-25,SKU-1004,54.32,warehouse-west
2025-09-26,SKU-1004,37.12,warehouse-west
2025-09-27,SKU-1004,26.12,warehouse-west
2025-09-28,SKU-1004,34.13,warehouse-west
2025-09-29,SKU-1004,60.23,warehouse-west
2025-09-30,SKU-1004,73.14,warehouse-west
2025-10-01,SKU-1004,53.28,warehouse-west
2025-10-02,SKU-1004,57.45,warehouse-west
2025-10-03,SKU-1004,36.85,warehouse-west
2025-10-04,SKU-1004,41.18,warehouse-west
2025-10-05,SKU-1004,54.18,warehouse-west
2025-10-06,SKU-1004,42.57,warehouse-west
2025-10-07,SKU-1004,44.74,warehouse-west
2025-10-08,SKU-1004,58.83,warehouse-west
2025-10-09,SKU-1004,50.49,warehouse-west
2025-10-10,SKU-1004,31.04,warehouse-west
2025-10-11,SKU-1004,29.32,warehouse-west
2025-10-12,SKU-1004,48.69,warehouse-west
2025-10-13,SKU-1004,47.45,warehouse-west
2025-10-14,SKU-1004,47.44,warehouse-west
2025-10-15,SKU-1004,58.14,warehouse-west
2025-10-16,SKU-1004,53.64,warehouse-west
2025-10-17,SKU-1004,46.92,warehouse-west
2025-10-18,SKU-1004,28.13,warehouse-west
2025-10-19,SKU-1004,63.74,warehouse-west
2025-10-20,SKU-1004,62.68,warehouse-west
2025-10-21,SKU-1004,55.06,warehouse-west
2025-10-22,SKU-1004,55.71,warehouse-west
2025-10-23,SKU-1004,48.98,warehouse-west
2025-10-24,SKU-1004,53.52,warehouse-west
2025-10-25,SKU-1004,31.95,warehouse-west
2025-10-26,SKU-1004,25.74,warehouse-west
2025-10-27,SKU-1004,53.91,warehouse-west
2025-10-28,SKU-1004,47.1,warehouse-west
2025-10-29,SKU-1004,54.44,warehouse-west
2025-10-30,SKU-1004,56.31,warehouse-west
2025-10-31,SKU-1004,54.97,warehouse-west
2025-11-01,SKU-1004,26.36,warehouse-west
2025-11-02,SKU-1004,31.45,warehouse-west
2025-11-03,SKU-1004,12.15,warehouse-west
2025-11-04,SKU-1004,39.79,warehouse-west
2025-11-05,SKU-1004,152.64,warehouse-west
2025-11-06,SKU-1004,45.15,warehouse-west
2025-11-07,SKU-1004,39.66,warehouse-west
2025-11-08,SKU-1004,59.89,warehouse-west
2025-11-09,SKU-1004,39.95,warehouse-west
2025-11-10,SKU-1004,38.47,warehouse-west
2025-11-11,SKU-1004,46.6,warehouse-west
2025-11-12,SKU-1004,62.46,warehouse-west
2025-11-13,SKU-1004,73.13,warehouse-west
2025-11-14,SKU-1004,70.96,warehouse-west
2025-11-15,SKU-1004,39.52,warehouse-west
2025-11-16,SKU-1004,9.27,warehouse-west
2025-11-17,SKU-1004,52.28,warehouse-west
2025-11-18,SKU-1004,42.11,warehouse-west
2025-11-19,SKU-1004,53.11,warehouse-west
2025-11-20,SKU-1004,43.3,warehouse-west
2025-11-21,SKU-1004,48.17,warehouse-west
2025-11-22,SKU-1004,44.21,warehouse-west
2025-11-23,SKU-1004,33.28,warehouse-west
2025-11-24,SKU-1004,49.25,warehouse-west
2025-11-25,SKU-1004,51.75,warehouse-west
2025-11-26,SKU-1004,78.46,warehouse-west
2025-11-27,SKU-1004,41.13,warehouse-west
2025-11-28,SKU-1004,55.06,warehouse-west
2025-11-29,SKU-1004,53.21,warehouse-west
2025-11-30,SKU-1004,35.09,warehouse-west
2025-12-01,SKU-1004,67.24,warehouse-west
2025-12-02,SKU-1004,41.81,warehouse-west
2025-12-03,SKU-1004,52.97,warehouse-west
2025-12-04,SKU-1004,47.0,warehouse-west
2025-12-05,SKU-1004,54.36,warehouse-west
2025-12-06,SKU-1004,37.07,warehouse-west
2025-12-07,SKU-1004,38.08,warehouse-west
2025-12-08,SKU-1004,63.48,warehouse-west
2025-12-09,SKU-1004,32.53,warehouse-west
2025-12-10,SKU-1004,48.93,warehouse-west
2025-12-11,SKU-1004,57.11,warehouse-west
2025-12-12,SKU-1004,36.23,warehouse-west
2025-12-13,SKU-1004,43.7,warehouse-west
2025-12-14,SKU-1004,31.26,warehouse-west
2025-12-15,SKU-1004,53.15,warehouse-west
2025-12-16,SKU-1004,63.97,warehouse-west
2025-12-17,SKU-1004,180.33,warehouse-west
2025-12-18,SKU-1004,52.99,warehouse-west
2025-12-19,SKU-1004,54.93,warehouse-west
2025-12-20,SKU-1004,30.16,warehouse-west
2025-12-21,SKU-1004,38.32,warehouse-west
2025-12-22,SKU-1004,62.05,warehouse-west
2025-12-23,SKU-1004,62.89,warehouse-west
2025-12-24,SKU-1004,59.1,warehouse-west
2025-12-25,SKU-1004,46.39,warehouse-west
2025-12-26,SKU-1004,50.57,warehouse-west
2025-12-27,SKU-1004,32.71,warehouse-west
2025-12-28,SKU-1004,39.47,warehouse-west
2025-12-29,SKU-1004,58.11,warehouse-west
2025-12-30,SKU-1004,56.91,warehouse-west
2025-12-31,SKU-1004,64.41,warehouse-west
2025-01-01,SKU-1005,285.28,warehouse-central
2025-01-02,SKU-1005,224.69,warehouse-central
2025-01-03,SKU-1005,198.77,warehouse-central
2025-01-04,SKU-1005,134.43,warehouse-central
2025-01-05,SKU-1005,158.6,warehouse-central
2025-01-06,SKU-1005,259.22,warehouse-central
2025-01-07,SKU-1005,205.15,warehouse-central
2025-01-08,SKU-1005,278.2,warehouse-central
2025-01-09,SKU-1005,213.11,warehouse-central
2025-01-10,SKU-1005,258.71,warehouse-central
2025-01-11,SKU-1005,164.23,warehouse-central
2025-01-12,SKU-1005,175.83,warehouse-central
2025-01-13,SKU-1005,251.69,warehouse-central
2025-01-14,SKU-1005,205.55,warehouse-central
2025-01-15,SKU-1005,259.68,warehouse-central
2025-01-16,SKU-1005,197.49,warehouse-central
2025-01-17,SKU-1005,213.79,warehouse-central
2025-01-18,SKU-1005,177.64,warehouse-central
2025-01-19,SKU-1005,130.08,warehouse-central
2025-01-20,SKU-1005,176.51,warehouse-central
2025-01-21,SKU-1005,246.11,warehouse-central
2025-01-22,SKU-1005,188.91,warehouse-central
2025-01-23,SKU-1005,256.46,warehouse-central
2025-01-24,SKU-1005,227.25,warehouse-central
2025-01-25,SKU-1005,171.33,warehouse-central
2025-01-26,SKU-1005,170.92,warehouse-central
2025-01-27,SKU-1005,259.71,warehouse-central
2025-01-28,SKU-1005,255.61,warehouse-central
2025-01-29,SKU-1005,206.97,warehouse-central
2025-01-30,SKU-1005,230.38,warehouse-central
2025-01-31,SKU-1005,247.95,warehouse-central
2025-02-01,SKU-1005,210.98,warehouse-central
2025-02-02,SKU-1005,186.87,warehouse-central
2025-02-03,SKU-1005,286.81,warehouse-central
2025-02-04,SKU-1005,258.78,warehouse-central
2025-02-05,SKU-1005,280.15,warehouse-central
2025-02-06,SKU-1005,255.14,warehouse-central
2025-02-07,SKU-1005,279.25,warehouse-central
2025-02-08,SKU-1005,158.64,warehouse-central
2025-02-09,SKU-1005,216.25,warehouse-central
2025-02-10,SKU-1005,263.61,warehouse-central
2025-02-11,SKU-1005,206.87,warehouse-central
2025-02-12,SKU-1005,260.12,warehouse-central
2025-02-13,SKU-1005,186.33,warehouse-central
2025-02-14,SKU-1005,268.34,warehouse-central
2025-02-15,SKU-1005,196.88,warehouse-central
2025-02-16,SKU-1005,229.11,warehouse-central
2025-02-17,SKU-1005,235.12,warehouse-central
2025-02-18,SKU-1005,309.4,warehouse-central
2025-02-19,SKU-1005,250.88,warehouse-central
2025-02-20,SKU-1005,228.73,warehouse-central
2025-02-21,SKU-1005,236.69,warehouse-central
2025-02-22,SKU-1005,188.35,warehouse-central
2025-02-23,SKU-1005,145.23,warehouse-central
2025-02-24,SKU-1005,53.69,warehouse-central
2025-02-25,SKU-1005,262.47,warehouse-central
2025-02-26,SKU-1005,264.89,warehouse-central
2025-02-27,SKU-1005,266.58,warehouse-central
2025-02-28,SKU-1005,177.03,warehouse-central
2025-03-01,SKU-1005,165.84,warehouse-central
2025-03-02,SKU-1005,186.49,warehouse-central
2025-03-03,SKU-1005,250.63,warehouse-central
2025-03-04,SKU-1005,243.03,warehouse-central
2025-03-05,SKU-1005,252.72,warehouse-central
2025-03-06,SKU-1005,263.34,warehouse-central
2025-03-07,SKU-1005,234.98,warehouse-central
2025-03-08,SKU-1005,141.97,warehouse-central
2025-03-09,SKU-1005,194.74,warehouse-central
2025-03-10,SKU-1005,277.34,warehouse-central
2025-03-11,SKU-1005,234.57,warehouse-central
2025-03-12,SKU-1005,266.53,warehouse-central
2025-03-13,SKU-1005,283.79,warehouse-central
2025-03-14,SKU-1005,243.93,warehouse-central
2025-03-15,SKU-1005,171.15,warehouse-central
2025-03-16,SKU-1005,171.03,warehouse-central
2025-03-17,SKU-1005,237.75,warehouse-central
2025-03-18,SKU-1005,255.09,warehouse-central
2025-03-19,SKU-1005,214.18,warehouse-central
2025-03-20,SKU-1005,253.19,warehouse-central
2025-03-21,SKU-1005,253.87,warehouse-central
2025-03-22,SKU-1005,176.35,warehouse-central
2025-03-23,SKU-1005,192.75,warehouse-central
2025-03-24,SKU-1005,225.75,warehouse-central
2025-03-25,SKU-1005,230.82,warehouse-central
2025-03-26,SKU-1005,239.23,warehouse-central
2025-03-27,SKU-1005,223.69,warehouse-central
2025-03-28,SKU-1005,280.66,warehouse-central
2025-03-29,SKU-1005,162.63,warehouse-central
2025-03-30,SKU-1005,178.58,warehouse-central
2025-03-31,SKU-1005,238.09,warehouse-central
2025-04-01,SKU-1005,249.78,warehouse-central
2025-04-02,SKU-1005,269.84,warehouse-central
2025-04-03,SKU-1005,271.54,warehouse-central
2025-04-04,SKU-1005,231.16,warehouse-central
2025-04-05,SKU-1005,175.89,warehouse-central
2025-04-06,SKU-1005,153.48,warehouse-central
2025-04-07,SKU-1005,258.5,warehouse-central
2025-04-08,SKU-1005,243.17,warehouse-central
2025-04-09,SKU-1005,317.46,warehouse-central
2025-04-10,SKU-1005,287.14,warehouse-central
2025-04-11,SKU-1005,274.77,warehouse-central
2025-04-12,SKU-1005,121.62,warehouse-central
2025-04-13,SKU-1005,171.25,warehouse-central
2025-04-14,SKU-1005,289.03,warehouse-central
2025-04-15,SKU-1005,262.34,warehouse-central
2025-04-16,SKU-1005,315.28,warehouse-central
2025-04-17,SKU-1005,292.94,warehouse-central
2025-04-18,SKU-1005,253.64,warehouse-central
2025-04-19,SKU-1005,227.48,warehouse-central
2025-04-20,SKU-1005,172.54,warehouse-central
2025-04-21,SKU-1005,322.47,warehouse-central
2025-04-22,SKU-1005,314.37,warehouse-central
2025-04-23,SKU-1005,274.7,warehouse-central
2025-04-24,SKU-1005,220.57,warehouse-central
2025-04-25,SKU-1005,272.81,warehouse-central
2025-04-26,SKU-1005,148.82,warehouse-central
2025-04-27,SKU-1005,163.66,warehouse-central
2025-04-28,SKU-1005,250.85,warehouse-central
2025-04-29,SKU-1005,234.11,warehouse-central
2025-04-30,SKU-1005,274.12,warehouse-central
2025-05-01,SKU-1005,237.18,warehouse-central
2025-05-02,SKU-1005,252.04,warehouse-central
2025-05-03,SKU-1005,160.78,warehouse-central
2025-05-04,SKU-1005,191.39,warehouse-central
2025-05-05,SKU-1005,271.9,warehouse-central
2025-05-06,SKU-1005,250.64,warehouse-central
2025-05-07,SKU-1005,276.15,warehouse-central
2025-05-08,SKU-1005,297.21,warehouse-central
2025-05-09,SKU-1005,197.96,warehouse-central
2025-05-10,SKU-1005,160.28,warehouse-central
2025-05-11,SKU-1005,149.88,warehouse-central
2025-05-12,SKU-1005,241.23,warehouse-central
2025-05-13,SKU-1005,194.35,warehouse-central
2025-05-14,SKU-1005,198.1,warehouse-central
2025-05-15,SKU-1005,179.53,warehouse-central
2025-05-16,SKU-1005,247.19,warehouse-central
2025-05-17,SKU-1005,163.13,warehouse-central
2025-05-18,SKU-1005,220.73,warehouse-central
2025-05-19,SKU-1005,267.12,warehouse-central
2025-05-20,SKU-1005,199.19,warehouse-central
2025-05-21,SKU-1005,278.59,warehouse-central
2025-05-22,SKU-1005,381.36,warehouse-central
2025-05-23,SKU-1005,201.28,warehouse-central
2025-05-24,SKU-1005,231.76,warehouse-central
2025-05-25,SKU-1005,178.81,warehouse-central
2025-05-26,SKU-1005,251.77,warehouse-central
2025-05-27,SKU-1005,247.63,warehouse-central
2025-05-28,SKU-1005,274.84,warehouse-central
2025-05-29,SKU-1005,252.7,warehouse-central
2025-05-30,SKU-1005,231.52,warehouse-central
2025-05-31,SKU-1005,165.06,warehouse-central
2025-06-01,SKU-1005,183.4,warehouse-central
2025-06-02,SKU-1005,274.01,warehouse-central
2025-06-03,SKU-1005,309.12,warehouse-central
2025-06-04,SKU-1005,256.82,warehouse-central
2025-06-05,SKU-1005,292.98,warehouse-central
2025-06-06,SKU-1005,248.48,warehouse-central
2025-06-07,SKU-1005,171.62,warehouse-central
2025-06-08,SKU-1005,170.21,warehouse-central
2025-06-09,SKU-1005,261.42,warehouse-central
2025-06-10,SKU-1005,281.27,warehouse-central
2025-06-11,SKU-1005,241.75,warehouse-central
2025-06-12,SKU-1005,228.96,warehouse-central
2025-06-13,SKU-1005,284.52,warehouse-central
2025-06-14,SKU-1005,200.88,warehouse-central
2025-06-15,SKU-1005,218.93,warehouse-central
2025-06-16,SKU-1005,238.4,warehouse-central
2025-06-17,SKU-1005,249.85,warehouse-central
2025-06-18,SKU-1005,286.86,warehouse-central
2025-06-19,SKU-1005,243.19,warehouse-central
2025-06-20,SKU-1005,276.61,warehouse-central
2025-06-21,SKU-1005,169.93,warehouse-central
2025-06-22,SKU-1005,185.52,warehouse-central
2025-06-23,SKU-1005,223.63,warehouse-central
2025-06-24,SKU-1005,260.84,warehouse-central
2025-06-25,SKU-1005,168.77,warehouse-central
2025-06-26,SKU-1005,294.9,warehouse-central
2025-06-27,SKU-1005,282.26,warehouse-central
2025-06-28,SKU-1005,148.23,warehouse-central
2025-06-29,SKU-1005,229.27,warehouse-central
2025-06-30,SKU-1005,293.67,warehouse-central
2025-07-01,SKU-1005,213.64,warehouse-central
2025-07-02,SKU-1005,231.17,warehouse-central
2025-07-03,SKU-1005,215.55,warehouse-central
2025-07-04,SKU-1005,258.03,warehouse-central
2025-07-05,SKU-1005,151.75,warehouse-central
2025-07-06,SKU-1005,111.64,warehouse-central
2025-07-07,SKU-1005,246.02,warehouse-central
2025-07-08,SKU-1005,275.63,warehouse-central
2025-07-09,SKU-1005,251.67,warehouse-central
2025-07-10,SKU-1005,265.01,warehouse-central
2025-07-11,SKU-1005,254.91,warehouse-central
2025-07-12,SKU-1005,191.83,warehouse-central
2025-07-13,SKU-1005,178.66,warehouse-central
2025-07-14,SKU-1005,245.86,warehouse-central
2025-07-15,SKU-1005,252.56,warehouse-central
2025-07-16,SKU-1005,295.46,warehouse-central
2025-07-17,SKU-1005,268.24,warehouse-central
2025-07-18,SKU-1005,221.82,warehouse-central
2025-07-19,SKU-1005,173.18,warehouse-central
2025-07-20,SKU-1005,181.03,warehouse-central
2025-07-21,SKU-1005,246.35,warehouse-central
2025-07-22,SKU-1005,193.98,warehouse-central
2025-07-23,SKU-1005,225.62,warehouse-central
2025-07-24,SKU-1005,239.23,warehouse-central
2025-07-25,SKU-1005,308.48,warehouse-central
2025-07-26,SKU-1005,186.44,warehouse-central
2025-07-27,SKU-1005,125.58,warehouse-central
2025-07-28,SKU-1005,249.66,warehouse-central
2025-07-29,SKU-1005,292.45,warehouse-central
2025-07-30,SKU-1005,235.38,warehouse-central
2025-07-31,SKU-1005,284.25,warehouse-central
2025-08-01,SKU-1005,197.97,warehouse-central
2025-08-02,SKU-1005,81.23,warehouse-central
2025-08-03,SKU-1005,202.34,warehouse-central
2025-08-04,SKU-1005,230.26,warehouse-central
2025-08-05,SKU-1005,188.26,warehouse-central
2025-08-06,SKU-1005,232.9,warehouse-central
2025-08-07,SKU-1005,250.47,warehouse-central
2025-08-08,SKU-1005,258.43,warehouse-central
2025-08-09,SKU-1005,92.5,warehouse-central
2025-08-10,SKU-1005,147.54,warehouse-central
2025-08-11,SKU-1005,247.33,warehouse-central
2025-08-12,SKU-1005,259.16,warehouse-central
2025-08-13,SKU-1005,217.08,warehouse-central
2025-08-14,SKU-1005,239.96,warehouse-central
2025-08-15,SKU-1005,228.77,warehouse-central
2025-08-16,SKU-1005,174.84,warehouse-central
2025-08-17,SKU-1005,203.02,warehouse-central
2025-08-18,SKU-1005,236.88,warehouse-central
2025-08-19,SKU-1005,206.02,warehouse-central
2025-08-20,SKU-1005,226.08,warehouse-central
2025-08-21,SKU-1005,299.62,warehouse-central
2025-08-22,SKU-1005,222.07,warehouse-central
2025-08-23,SKU-1005,133.01,warehouse-central
2025-08-24,SKU-1005,157.34,warehouse-central
2025-08-25,SKU-1005,245.57,warehouse-central
2025-08-26,SKU-1005,232.69,warehouse-central
2025-08-27,SKU-1005,203.34,warehouse-central
2025-08-28,SKU-1005,258.62,warehouse-central
2025-08-29,SKU-1005,255.93,warehouse-central
2025-08-30,SKU-1005,190.81,warehouse-central
2025-08-31,SKU-1005,176.24,warehouse-central
2025-09-01,SKU-1005,295.07,warehouse-central
2025-09-02,SKU-1005,269.57,warehouse-central
2025-09-03,SKU-1005,263.1,warehouse-central
2025-09-04,SKU-1005,282.72,warehouse-central
2025-09-05,SKU-1005,251.12,warehouse-central
2025-09-06,SKU-1005,162.9,warehouse-central
2025-09-07,SKU-1005,177.91,warehouse-central
2025-09-08,SKU-1005,188.97,warehouse-central
2025-09-09,SKU-1005,252.01,warehouse-central
2025-09-10,SKU-1005,245.06,warehouse-central
2025-09-11,SKU-1005,260.68,warehouse-central
2025-09-12,SKU-1005,279.54,warehouse-central
2025-09-13,SKU-1005,186.93,warehouse-central
2025-09-14,SKU-1005,148.35,warehouse-central
2025-09-15,SKU-1005,274.55,warehouse-central
2025-09-16,SKU-1005,298.57,warehouse-central
2025-09-17,SKU-1005,281.4,warehouse-central
2025-09-18,SKU-1005,210.69,warehouse-central
2025-09-19,SKU-1005,266.85,warehouse-central
2025-09-20,SKU-1005,135.52,warehouse-central
2025-09-21,SKU-1005,162.01,warehouse-central
2025-09-22,SKU-1005,261.94,warehouse-central
2025-09-23,SKU-1005,258.01,warehouse-central
2025-09-24,SKU-1005,282.13,warehouse-central
2025-09-25,SKU-1005,300.53,warehouse-central
2025-09-26,SKU-1005,265.8,warehouse-central
2025-09-27,SKU-1005,160.57,warehouse-central
2025-09-28,SKU-1005,114.17,warehouse-central
2025-09-29,SKU-1005,291.21,warehouse-central
2025-09-30,SKU-1005,249.18,warehouse-central
2025-10-01,SKU-1005,254.68,warehouse-central
2025-10-02,SKU-1005,257.25,warehouse-central
2025-10-03,SKU-1005,269.5,warehouse-central
2025-10-04,SKU-1005,189.03,warehouse-central
2025-10-05,SKU-1005,166.93,warehouse-central
2025-10-06,SKU-1005,253.84,warehouse-central
2025-10-07,SKU-1005,238.93,warehouse-central
2025-10-08,SKU-1005,235.98,warehouse-central
2025-10-09,SKU-1005,236.05,warehouse-central
2025-10-10,SKU-1005,254.29,warehouse-central
2025-10-11,SKU-1005,148.88,warehouse-central
2025-10-12,SKU-1005,88.71,warehouse-central
2025-10-13,SKU-1005,246.97,warehouse-central
2025-10-14,SKU-1005,221.3,warehouse-central
2025-10-15,SKU-1005,261.9,warehouse-central
2025-10-16,SKU-1005,240.63,warehouse-central
2025-10-17,SKU-1005,272.7,warehouse-central
2025-10-18,SKU-1005,142.11,warehouse-central
2025-10-19,SKU-1005,124.32,warehouse-central
2025-10-20,SKU-1005,256.73,warehouse-central
2025-10-21,SKU-1005,247.35,warehouse-central
2025-10-22,SKU-1005,220.51,warehouse-central
2025-10-23,SKU-1005,283.51,warehouse-central
2025-10-24,SKU-1005,230.36,warehouse-central
2025-10-25,SKU-1005,155.13,warehouse-central
2025-10-26,SKU-1005,207.1,warehouse-central
2025-10-27,SKU-1005,276.5,warehouse-central
2025-10-28,SKU-1005,228.12,warehouse-central
2025-10-29,SKU-1005,251.51,warehouse-central
2025-10-30,SKU-1005,225.73,warehouse-central
2025-10-31,SKU-1005,288.65,warehouse-central
2025-11-01,SKU-1005,212.61,warehouse-central
2025-11-02,SKU-1005,240.85,warehouse-central
2025-11-03,SKU-1005,341.4,warehouse-central
2025-11-04,SKU-1005,254.63,warehouse-central
2025-11-05,SKU-1005,294.75,warehouse-central
2025-11-06,SKU-1005,217.09,warehouse-central
2025-11-07,SKU-1005,279.35,warehouse-central
2025-11-08,SKU-1005,199.58,warehouse-central
2025-11-09,SKU-1005,158.39,warehouse-central
2025-11-10,SKU-1005,254.11,warehouse-central
2025-11-11,SKU-1005,301.64,warehouse-central
2025-11-12,SKU-1005,288.37,warehouse-central
2025-11-13,SKU-1005,325.06,warehouse-central
2025-11-14,SKU-1005,320.95,warehouse-central
2025-11-15,SKU-1005,138.12,warehouse-central
2025-11-16,SKU-1005,172.22,warehouse-central
2025-11-17,SKU-1005,244.38,warehouse-central
2025-11-18,SKU-1005,298.81,warehouse-central
2025-11-19,SKU-1005,284.81,warehouse-central
2025-11-20,SKU-1005,246.87,warehouse-central
2025-11-21,SKU-1005,251.31,warehouse-central
2025-11-22,SKU-1005,226.3,warehouse-central
2025-11-23,SKU-1005,398.46,warehouse-central
2025-11-24,SKU-1005,216.57,warehouse-central
2025-11-25,SKU-1005,245.43,warehouse-central
2025-11-26,SKU-1005,335.1,warehouse-central
2025-11-27,SKU-1005,308.19,warehouse-central
2025-11-28,SKU-1005,240.53,warehouse-central
2025-11-29,SKU-1005,195.35,warehouse-central
2025-11-30,SKU-1005,218.09,warehouse-central
2025-12-01,SKU-1005,243.42,warehouse-central
2025-12-02,SKU-1005,325.46,warehouse-central
2025-12-03,SKU-1005,307.16,warehouse-central
2025-12-04,SKU-1005,272.15,warehouse-central
2025-12-05,SKU-1005,312.46,warehouse-central
2025-12-06,SKU-1005,209.79,warehouse-central
2025-12-07,SKU-1005,212.03,warehouse-central
2025-12-08,SKU-1005,664.18,warehouse-central
2025-12-09,SKU-1005,330.84,warehouse-central
2025-12-10,SKU-1005,55.76,warehouse-central
2025-12-11,SKU-1005,315.64,warehouse-central
2025-12-12,SKU-1005,354.14,warehouse-central
2025-12-13,SKU-1005,208.84,warehouse-central
2025-12-14,SKU-1005,221.44,warehouse-central
2025-12-15,SKU-1005,323.0,warehouse-central
2025-12-16,SKU-1005,54.55,warehouse-central
2025-12-17,SKU-1005,332.11,warehouse-central
2025-12-18,SKU-1005,301.25,warehouse-central
2025-12-19,SKU-1005,271.59,warehouse-central
2025-12-20,SKU-1005,203.85,warehouse-central
2025-12-21,SKU-1005,156.26,warehouse-central
2025-12-22,SKU-1005,343.2,warehouse-central
2025-12-23,SKU-1005,279.49,warehouse-central
2025-12-24,SKU-1005,289.9,warehouse-central
2025-12-25,SKU-1005,341.32,warehouse-central
2025-12-26,SKU-1005,224.35,warehouse-central
2025-12-27,SKU-1005,242.31,warehouse-central
2025-12-28,SKU-1005,214.29,warehouse-central
2025-12-29,SKU-1005,349.93,warehouse-central
2025-12-30,SKU-1005,271.49,warehouse-central
2025-12-31,SKU-1005,310.24,warehouse-central
